"old_path","new_path","sha256_before","sha256_after","size_bytes","category","reason","reference_audit","moved_at","restore_command"
"backend\audit\audit_aktiv_tab.mjs","D:\cursor\Labor\_quarantine\operativ-navigator_260614_cleanup_20260626_201630\backend\audit\audit_aktiv_tab.mjs","CBF4577D0EFE4FCD2A379B7AB88E66EA1832A4393F501B13C94093DB13E4404A","CBF4577D0EFE4FCD2A379B7AB88E66EA1832A4393F501B13C94093DB13E4404A","6298","E_TEST_AUDIT","not served by server.js","no runtime ref","2026-06-26T20:21:20.8691753+02:00","Move-Item 'D:\cursor\Labor\_quarantine\operativ-navigator_260614_cleanup_20260626_201630\backend\audit\audit_aktiv_tab.mjs' 'D:\cursor\operativ-navigator_260614\backend\audit\audit_aktiv_tab.mjs' -Force"
"backend\audit\audit_default_ui_visibility.mjs","D:\cursor\Labor\_quarantine\operativ-navigator_260614_cleanup_20260626_201630\backend\audit\audit_default_ui_visibility.mjs","C8CDC9FB8B0634EA48AEE85BA9B27F9EACEC6EF16AC417849D4FBFAEBFADD04B","C8CDC9FB8B0634EA48AEE85BA9B27F9EACEC6EF16AC417849D4FBFAEBFADD04B","3405","E_TEST_AUDIT","not served by server.js","no runtime ref","2026-06-26T20:21:20.8691753+02:00","Move-Item 'D:\cursor\Labor\_quarantine\operativ-navigator_260614_cleanup_20260626_201630\backend\audit\audit_default_ui_visibility.mjs' 'D:\cursor\operativ-navigator_260614\backend\audit\audit_default_ui_visibility.mjs' -Force"
"backend\audit\audit_kv01_chain.mjs","D:\cursor\Labor\_quarantine\operativ-navigator_260614_cleanup_20260626_201630\backend\audit\audit_kv01_chain.mjs","CAEC468DD330622B813067596C18B36E9AF81CD621FD68C10787DC07A3E45447","CAEC468DD330622B813067596C18B36E9AF81CD621FD68C10787DC07A3E45447","2893","E_TEST_AUDIT","not served by server.js","no runtime ref","2026-06-26T20:21:20.8691753+02:00","Move-Item 'D:\cursor\Labor\_quarantine\operativ-navigator_260614_cleanup_20260626_201630\backend\audit\audit_kv01_chain.mjs' 'D:\cursor\operativ-navigator_260614\backend\audit\audit_kv01_chain.mjs' -Force"
"backend\audit\audit_kv01_desync_root.mjs","D:\cursor\Labor\_quarantine\operativ-navigator_260614_cleanup_20260626_201630\backend\audit\audit_kv01_desync_root.mjs","ED30AA0BB8D364B255217EA6CF4662219C6142BE3DA748E033A405DC25C0085A","ED30AA0BB8D364B255217EA6CF4662219C6142BE3DA748E033A405DC25C0085A","11357","E_TEST_AUDIT","not served by server.js","no runtime ref","2026-06-26T20:21:20.8691753+02:00","Move-Item 'D:\cursor\Labor\_quarantine\operativ-navigator_260614_cleanup_20260626_201630\backend\audit\audit_kv01_desync_root.mjs' 'D:\cursor\operativ-navigator_260614\backend\audit\audit_kv01_desync_root.mjs' -Force"
"backend\audit\audit_kv01_full.mjs","D:\cursor\Labor\_quarantine\operativ-navigator_260614_cleanup_20260626_201630\backend\audit\audit_kv01_full.mjs","D408621D2C60BBDD87D385946A0159467E6B6BC100C42D017147C5E64105724C","D408621D2C60BBDD87D385946A0159467E6B6BC100C42D017147C5E64105724C","5877","E_TEST_AUDIT","not served by server.js","no runtime ref","2026-06-26T20:21:20.8691753+02:00","Move-Item 'D:\cursor\Labor\_quarantine\operativ-navigator_260614_cleanup_20260626_201630\backend\audit\audit_kv01_full.mjs' 'D:\cursor\operativ-navigator_260614\backend\audit\audit_kv01_full.mjs' -Force"
"backend\audit\audit_kv_visibility.mjs","D:\cursor\Labor\_quarantine\operativ-navigator_260614_cleanup_20260626_201630\backend\audit\audit_kv_visibility.mjs","28441EE5BB4C4D093391EBDBA86E0A99D28CF220750FE0DC1B23A00EC6A6AD85","28441EE5BB4C4D093391EBDBA86E0A99D28CF220750FE0DC1B23A00EC6A6AD85","4215","E_TEST_AUDIT","not served by server.js","no runtime ref","2026-06-26T20:21:20.8691753+02:00","Move-Item 'D:\cursor\Labor\_quarantine\operativ-navigator_260614_cleanup_20260626_201630\backend\audit\audit_kv_visibility.mjs' 'D:\cursor\operativ-navigator_260614\backend\audit\audit_kv_visibility.mjs' -Force"
"backend\audit\audit_operative_api.mjs","D:\cursor\Labor\_quarantine\operativ-navigator_260614_cleanup_20260626_201630\backend\audit\audit_operative_api.mjs","B196A46F7144EE2B8BB40073FA8F36EC760B09C91E4634426FFA3196D8C41FF8","B196A46F7144EE2B8BB40073FA8F36EC760B09C91E4634426FFA3196D8C41FF8","9241","E_TEST_AUDIT","not served by server.js","no runtime ref","2026-06-26T20:21:20.8691753+02:00","Move-Item 'D:\cursor\Labor\_quarantine\operativ-navigator_260614_cleanup_20260626_201630\backend\audit\audit_operative_api.mjs' 'D:\cursor\operativ-navigator_260614\backend\audit\audit_operative_api.mjs' -Force"
"backend\audit\audit_operative_coverage.mjs","D:\cursor\Labor\_quarantine\operativ-navigator_260614_cleanup_20260626_201630\backend\audit\audit_operative_coverage.mjs","DDC471804ED9BDD185D475199F57F7F0228655E6808994E4B345980B3C59C525","DDC471804ED9BDD185D475199F57F7F0228655E6808994E4B345980B3C59C525","14145","E_TEST_AUDIT","not served by server.js","no runtime ref","2026-06-26T20:21:20.8691753+02:00","Move-Item 'D:\cursor\Labor\_quarantine\operativ-navigator_260614_cleanup_20260626_201630\backend\audit\audit_operative_coverage.mjs' 'D:\cursor\operativ-navigator_260614\backend\audit\audit_operative_coverage.mjs' -Force"
"backend\audit\audit_operative_live.mjs","D:\cursor\Labor\_quarantine\operativ-navigator_260614_cleanup_20260626_201630\backend\audit\audit_operative_live.mjs","B2FBE40A53C23438083E9A2E6D7A92FEAA7AFB6BF2563552D3A7A1479CF83D2C","B2FBE40A53C23438083E9A2E6D7A92FEAA7AFB6BF2563552D3A7A1479CF83D2C","5012","E_TEST_AUDIT","not served by server.js","no runtime ref","2026-06-26T20:21:20.8691753+02:00","Move-Item 'D:\cursor\Labor\_quarantine\operativ-navigator_260614_cleanup_20260626_201630\backend\audit\audit_operative_live.mjs' 'D:\cursor\operativ-navigator_260614\backend\audit\audit_operative_live.mjs' -Force"
"backend\audit\audit_release_desync.mjs","D:\cursor\Labor\_quarantine\operativ-navigator_260614_cleanup_20260626_201630\backend\audit\audit_release_desync.mjs","BED3B582C1313B6C8839DCDB32A94AD60CB805D72FD7D092731B54E86E15535C","BED3B582C1313B6C8839DCDB32A94AD60CB805D72FD7D092731B54E86E15535C","6019","E_TEST_AUDIT","not served by server.js","no runtime ref","2026-06-26T20:21:20.8691753+02:00","Move-Item 'D:\cursor\Labor\_quarantine\operativ-navigator_260614_cleanup_20260626_201630\backend\audit\audit_release_desync.mjs' 'D:\cursor\operativ-navigator_260614\backend\audit\audit_release_desync.mjs' -Force"
"backend\audit\audit_rent_import_restore.mjs","D:\cursor\Labor\_quarantine\operativ-navigator_260614_cleanup_20260626_201630\backend\audit\audit_rent_import_restore.mjs","3FAA9B66354A9E56793B7A8177AAF869A940390CD86C936B3FC4108E5B4A96CF","3FAA9B66354A9E56793B7A8177AAF869A940390CD86C936B3FC4108E5B4A96CF","8626","E_TEST_AUDIT","not served by server.js","no runtime ref","2026-06-26T20:21:20.8691753+02:00","Move-Item 'D:\cursor\Labor\_quarantine\operativ-navigator_260614_cleanup_20260626_201630\backend\audit\audit_rent_import_restore.mjs' 'D:\cursor\operativ-navigator_260614\backend\audit\audit_rent_import_restore.mjs' -Force"
"backend\audit\capture_rent_0005_proof.mjs","D:\cursor\Labor\_quarantine\operativ-navigator_260614_cleanup_20260626_201630\backend\audit\capture_rent_0005_proof.mjs","3A9FCD9ABFD1394C55791AD46F3D83DF6FE8BB92A6D5E6ADE88E426671F9850C","3A9FCD9ABFD1394C55791AD46F3D83DF6FE8BB92A6D5E6ADE88E426671F9850C","7653","E_TEST_AUDIT","not served by server.js","no runtime ref","2026-06-26T20:21:20.8691753+02:00","Move-Item 'D:\cursor\Labor\_quarantine\operativ-navigator_260614_cleanup_20260626_201630\backend\audit\capture_rent_0005_proof.mjs' 'D:\cursor\operativ-navigator_260614\backend\audit\capture_rent_0005_proof.mjs' -Force"
"backend\audit\probe_layout_heights.mjs","D:\cursor\Labor\_quarantine\operativ-navigator_260614_cleanup_20260626_201630\backend\audit\probe_layout_heights.mjs","F2932A2B85232FB18BE2BFF479DC411A3688DA9EDEE3819563981A020CE4B37C","F2932A2B85232FB18BE2BFF479DC411A3688DA9EDEE3819563981A020CE4B37C","1515","E_TEST_AUDIT","not served by server.js","no runtime ref","2026-06-26T20:21:20.8691753+02:00","Move-Item 'D:\cursor\Labor\_quarantine\operativ-navigator_260614_cleanup_20260626_201630\backend\audit\probe_layout_heights.mjs' 'D:\cursor\operativ-navigator_260614\backend\audit\probe_layout_heights.mjs' -Force"
"backend\audit\probe_layout_viewports.mjs","D:\cursor\Labor\_quarantine\operativ-navigator_260614_cleanup_20260626_201630\backend\audit\probe_layout_viewports.mjs","08CE0C422CA65AC48AC95C7EA53DDD9A66949925EAF6F2BEFE4340B9CC4F7C7E","08CE0C422CA65AC48AC95C7EA53DDD9A66949925EAF6F2BEFE4340B9CC4F7C7E","1909","E_TEST_AUDIT","not served by server.js","no runtime ref","2026-06-26T20:21:20.8691753+02:00","Move-Item 'D:\cursor\Labor\_quarantine\operativ-navigator_260614_cleanup_20260626_201630\backend\audit\probe_layout_viewports.mjs' 'D:\cursor\operativ-navigator_260614\backend\audit\probe_layout_viewports.mjs' -Force"
"backend\audit\test_calendar_grid.mjs","D:\cursor\Labor\_quarantine\operativ-navigator_260614_cleanup_20260626_201630\backend\audit\test_calendar_grid.mjs","2B215042D601D57F482043F2EE21C5E766001A1844B7AAB0C9547EE0D4D6EFA5","2B215042D601D57F482043F2EE21C5E766001A1844B7AAB0C9547EE0D4D6EFA5","3598","E_TEST_AUDIT","not served by server.js","no runtime ref","2026-06-26T20:21:20.8691753+02:00","Move-Item 'D:\cursor\Labor\_quarantine\operativ-navigator_260614_cleanup_20260626_201630\backend\audit\test_calendar_grid.mjs' 'D:\cursor\operativ-navigator_260614\backend\audit\test_calendar_grid.mjs' -Force"
"backend\audit\test_data_mgmt_menu.mjs","D:\cursor\Labor\_quarantine\operativ-navigator_260614_cleanup_20260626_201630\backend\audit\test_data_mgmt_menu.mjs","C7B39DD9E91105837BFC193588343AE6697B9B88818603F224CE11BBA15BF294","C7B39DD9E91105837BFC193588343AE6697B9B88818603F224CE11BBA15BF294","1948","E_TEST_AUDIT","not served by server.js","no runtime ref","2026-06-26T20:21:20.8691753+02:00","Move-Item 'D:\cursor\Labor\_quarantine\operativ-navigator_260614_cleanup_20260626_201630\backend\audit\test_data_mgmt_menu.mjs' 'D:\cursor\operativ-navigator_260614\backend\audit\test_data_mgmt_menu.mjs' -Force"
"backend\audit\test_map_basemap_screenshots.mjs","D:\cursor\Labor\_quarantine\operativ-navigator_260614_cleanup_20260626_201630\backend\audit\test_map_basemap_screenshots.mjs","8760F147D76B87F6AE5A339065E171C5541AC77073868EA0B39C7ADAB862CA7C","8760F147D76B87F6AE5A339065E171C5541AC77073868EA0B39C7ADAB862CA7C","2418","E_TEST_AUDIT","not served by server.js","no runtime ref","2026-06-26T20:21:20.8691753+02:00","Move-Item 'D:\cursor\Labor\_quarantine\operativ-navigator_260614_cleanup_20260626_201630\backend\audit\test_map_basemap_screenshots.mjs' 'D:\cursor\operativ-navigator_260614\backend\audit\test_map_basemap_screenshots.mjs' -Force"
"backend\audit\test_marker_ux_v3.mjs","D:\cursor\Labor\_quarantine\operativ-navigator_260614_cleanup_20260626_201630\backend\audit\test_marker_ux_v3.mjs","8D3EF30A8770ABC5C3D1212388AC385AD19E8F62F74FA87BB4E99CA07C1D236C","8D3EF30A8770ABC5C3D1212388AC385AD19E8F62F74FA87BB4E99CA07C1D236C","7261","E_TEST_AUDIT","not served by server.js","no runtime ref","2026-06-26T20:21:20.8691753+02:00","Move-Item 'D:\cursor\Labor\_quarantine\operativ-navigator_260614_cleanup_20260626_201630\backend\audit\test_marker_ux_v3.mjs' 'D:\cursor\operativ-navigator_260614\backend\audit\test_marker_ux_v3.mjs' -Force"
"backend\audit\test_rent_admin_audit_v3.mjs","D:\cursor\Labor\_quarantine\operativ-navigator_260614_cleanup_20260626_201630\backend\audit\test_rent_admin_audit_v3.mjs","21C921983D566AE5F8CF6C149E883C4EE56DE50AFCA6CE35C7B93AFC3161B9A5","21C921983D566AE5F8CF6C149E883C4EE56DE50AFCA6CE35C7B93AFC3161B9A5","8567","E_TEST_AUDIT","not served by server.js","no runtime ref","2026-06-26T20:21:20.8691753+02:00","Move-Item 'D:\cursor\Labor\_quarantine\operativ-navigator_260614_cleanup_20260626_201630\backend\audit\test_rent_admin_audit_v3.mjs' 'D:\cursor\operativ-navigator_260614\backend\audit\test_rent_admin_audit_v3.mjs' -Force"
"backend\audit\test_rent_admin_config_stability_audit.mjs","D:\cursor\Labor\_quarantine\operativ-navigator_260614_cleanup_20260626_201630\backend\audit\test_rent_admin_config_stability_audit.mjs","8D5B3E075AD0FBFE4311164DAC5A4E2472F8BA418E2404FA3328D6CAFB76AAC1","8D5B3E075AD0FBFE4311164DAC5A4E2472F8BA418E2404FA3328D6CAFB76AAC1","11619","E_TEST_AUDIT","not served by server.js","no runtime ref","2026-06-26T20:21:20.8691753+02:00","Move-Item 'D:\cursor\Labor\_quarantine\operativ-navigator_260614_cleanup_20260626_201630\backend\audit\test_rent_admin_config_stability_audit.mjs' 'D:\cursor\operativ-navigator_260614\backend\audit\test_rent_admin_config_stability_audit.mjs' -Force"
"backend\audit\test_rent_admin_regression_config.mjs","D:\cursor\Labor\_quarantine\operativ-navigator_260614_cleanup_20260626_201630\backend\audit\test_rent_admin_regression_config.mjs","96ED364C0E34CE00AFA2FB9E537302E8D6535F323ADAF8642B741CB6BB66063F","96ED364C0E34CE00AFA2FB9E537302E8D6535F323ADAF8642B741CB6BB66063F","5680","E_TEST_AUDIT","not served by server.js","no runtime ref","2026-06-26T20:21:20.8691753+02:00","Move-Item 'D:\cursor\Labor\_quarantine\operativ-navigator_260614_cleanup_20260626_201630\backend\audit\test_rent_admin_regression_config.mjs' 'D:\cursor\operativ-navigator_260614\backend\audit\test_rent_admin_regression_config.mjs' -Force"
"backend\audit\test_rent_admin_stabil.mjs","D:\cursor\Labor\_quarantine\operativ-navigator_260614_cleanup_20260626_201630\backend\audit\test_rent_admin_stabil.mjs","D83E6323AB6DDEF1AC190B529784DACD0C1F8FF5ABF88438589D0F32C1160ABD","D83E6323AB6DDEF1AC190B529784DACD0C1F8FF5ABF88438589D0F32C1160ABD","4774","E_TEST_AUDIT","not served by server.js","no runtime ref","2026-06-26T20:21:20.8691753+02:00","Move-Item 'D:\cursor\Labor\_quarantine\operativ-navigator_260614_cleanup_20260626_201630\backend\audit\test_rent_admin_stabil.mjs' 'D:\cursor\operativ-navigator_260614\backend\audit\test_rent_admin_stabil.mjs' -Force"
"backend\audit\test_rent_csv_export_debug.mjs","D:\cursor\Labor\_quarantine\operativ-navigator_260614_cleanup_20260626_201630\backend\audit\test_rent_csv_export_debug.mjs","6843757AD7BDB92598CAD0138019EF4E75092B6C95FCEC16885716B473EBCAED","6843757AD7BDB92598CAD0138019EF4E75092B6C95FCEC16885716B473EBCAED","6915","E_TEST_AUDIT","not served by server.js","no runtime ref","2026-06-26T20:21:20.8691753+02:00","Move-Item 'D:\cursor\Labor\_quarantine\operativ-navigator_260614_cleanup_20260626_201630\backend\audit\test_rent_csv_export_debug.mjs' 'D:\cursor\operativ-navigator_260614\backend\audit\test_rent_csv_export_debug.mjs' -Force"
"backend\audit\test_rent_import.mjs","D:\cursor\Labor\_quarantine\operativ-navigator_260614_cleanup_20260626_201630\backend\audit\test_rent_import.mjs","943C9531B1A2E6A6B0582EBBD623B44CF4345D5CF098AAFAFC11A43533579EBC","943C9531B1A2E6A6B0582EBBD623B44CF4345D5CF098AAFAFC11A43533579EBC","4922","E_TEST_AUDIT","not served by server.js","no runtime ref","2026-06-26T20:21:20.8691753+02:00","Move-Item 'D:\cursor\Labor\_quarantine\operativ-navigator_260614_cleanup_20260626_201630\backend\audit\test_rent_import.mjs' 'D:\cursor\operativ-navigator_260614\backend\audit\test_rent_import.mjs' -Force"
"backend\audit\test_right_panel_compact.mjs","D:\cursor\Labor\_quarantine\operativ-navigator_260614_cleanup_20260626_201630\backend\audit\test_right_panel_compact.mjs","C50DAB5F0EA682D44BBA3D613BC5F5485444CCBBF0C55F1AC1DC0C6B8C0FF0C8","C50DAB5F0EA682D44BBA3D613BC5F5485444CCBBF0C55F1AC1DC0C6B8C0FF0C8","5703","E_TEST_AUDIT","not served by server.js","no runtime ref","2026-06-26T20:21:20.8691753+02:00","Move-Item 'D:\cursor\Labor\_quarantine\operativ-navigator_260614_cleanup_20260626_201630\backend\audit\test_right_panel_compact.mjs' 'D:\cursor\operativ-navigator_260614\backend\audit\test_right_panel_compact.mjs' -Force"
"backend\audit\verify_canonical_open_trips.mjs","D:\cursor\Labor\_quarantine\operativ-navigator_260614_cleanup_20260626_201630\backend\audit\verify_canonical_open_trips.mjs","94754589085F2F24888E635375AA8A86BEC392A97F59D117824262364D22AD02","94754589085F2F24888E635375AA8A86BEC392A97F59D117824262364D22AD02","6179","E_TEST_AUDIT","not served by server.js","no runtime ref","2026-06-26T20:21:20.8691753+02:00","Move-Item 'D:\cursor\Labor\_quarantine\operativ-navigator_260614_cleanup_20260626_201630\backend\audit\verify_canonical_open_trips.mjs' 'D:\cursor\operativ-navigator_260614\backend\audit\verify_canonical_open_trips.mjs' -Force"
"backend\audit\verify_csv_exports.mjs","D:\cursor\Labor\_quarantine\operativ-navigator_260614_cleanup_20260626_201630\backend\audit\verify_csv_exports.mjs","B3C7C4E6DCC2949CC1356C82118139623E073703E8733E1BCAFD3AE0EEE8BC0D","B3C7C4E6DCC2949CC1356C82118139623E073703E8733E1BCAFD3AE0EEE8BC0D","5927","E_TEST_AUDIT","not served by server.js","no runtime ref","2026-06-26T20:21:20.8691753+02:00","Move-Item 'D:\cursor\Labor\_quarantine\operativ-navigator_260614_cleanup_20260626_201630\backend\audit\verify_csv_exports.mjs' 'D:\cursor\operativ-navigator_260614\backend\audit\verify_csv_exports.mjs' -Force"
"backend\audit\verify_layout_shifts.mjs","D:\cursor\Labor\_quarantine\operativ-navigator_260614_cleanup_20260626_201630\backend\audit\verify_layout_shifts.mjs","26F01271799958FDA10D9A275C39DB6EA6BAB1AEB2E4AFB541BBDDCC177E3471","26F01271799958FDA10D9A275C39DB6EA6BAB1AEB2E4AFB541BBDDCC177E3471","6415","E_TEST_AUDIT","not served by server.js","no runtime ref","2026-06-26T20:21:20.8691753+02:00","Move-Item 'D:\cursor\Labor\_quarantine\operativ-navigator_260614_cleanup_20260626_201630\backend\audit\verify_layout_shifts.mjs' 'D:\cursor\operativ-navigator_260614\backend\audit\verify_layout_shifts.mjs' -Force"
"backend\audit\verify_operative_vehicles.mjs","D:\cursor\Labor\_quarantine\operativ-navigator_260614_cleanup_20260626_201630\backend\audit\verify_operative_vehicles.mjs","25F0C04C1D56AD94F3D5B6DBE17AAF5757597878DF1A21ABA9566073E5E2AC0B","25F0C04C1D56AD94F3D5B6DBE17AAF5757597878DF1A21ABA9566073E5E2AC0B","3082","E_TEST_AUDIT","not served by server.js","no runtime ref","2026-06-26T20:21:20.8691753+02:00","Move-Item 'D:\cursor\Labor\_quarantine\operativ-navigator_260614_cleanup_20260626_201630\backend\audit\verify_operative_vehicles.mjs' 'D:\cursor\operativ-navigator_260614\backend\audit\verify_operative_vehicles.mjs' -Force"
"backend\audit\verify_shifts_tab_ops.mjs","D:\cursor\Labor\_quarantine\operativ-navigator_260614_cleanup_20260626_201630\backend\audit\verify_shifts_tab_ops.mjs","4AA52955609A561DE1C7C5C5C97D9A45EB84697AC0F5602AE0633371DADCE8F4","4AA52955609A561DE1C7C5C5C97D9A45EB84697AC0F5602AE0633371DADCE8F4","4420","E_TEST_AUDIT","not served by server.js","no runtime ref","2026-06-26T20:21:20.8691753+02:00","Move-Item 'D:\cursor\Labor\_quarantine\operativ-navigator_260614_cleanup_20260626_201630\backend\audit\verify_shifts_tab_ops.mjs' 'D:\cursor\operativ-navigator_260614\backend\audit\verify_shifts_tab_ops.mjs' -Force"
"backend\audit\verify_t4_ui_reorg.mjs","D:\cursor\Labor\_quarantine\operativ-navigator_260614_cleanup_20260626_201630\backend\audit\verify_t4_ui_reorg.mjs","29BA531FF4B460A27D6953846CDCD0C25EF6F60DC22E6F6B5580ED88B1DCD66C","29BA531FF4B460A27D6953846CDCD0C25EF6F60DC22E6F6B5580ED88B1DCD66C","11270","E_TEST_AUDIT","not served by server.js","no runtime ref","2026-06-26T20:21:20.8691753+02:00","Move-Item 'D:\cursor\Labor\_quarantine\operativ-navigator_260614_cleanup_20260626_201630\backend\audit\verify_t4_ui_reorg.mjs' 'D:\cursor\operativ-navigator_260614\backend\audit\verify_t4_ui_reorg.mjs' -Force"
"backend\test-output\audit_338_route.png","D:\cursor\Labor\_quarantine\operativ-navigator_260614_cleanup_20260626_201630\backend\test-output\audit_338_route.png","B9CF115D8078036177482871B4567BB8B13492EB48E98ED911573F3ECEBC517F","B9CF115D8078036177482871B4567BB8B13492EB48E98ED911573F3ECEBC517F","1140534","H_TEMP_OUTPUT","not served by server.js","no runtime ref","2026-06-26T20:21:20.8691753+02:00","Move-Item 'D:\cursor\Labor\_quarantine\operativ-navigator_260614_cleanup_20260626_201630\backend\test-output\audit_338_route.png' 'D:\cursor\operativ-navigator_260614\backend\test-output\audit_338_route.png' -Force"
"backend\test-output\audit_street_search.mjs","D:\cursor\Labor\_quarantine\operativ-navigator_260614_cleanup_20260626_201630\backend\test-output\audit_street_search.mjs","7CB86D5DE0407DA05E8EFBD5C4D0F2B56CF450867765B3A84B082C7756A858AC","7CB86D5DE0407DA05E8EFBD5C4D0F2B56CF450867765B3A84B082C7756A858AC","5203","H_TEMP_OUTPUT","not served by server.js","no runtime ref","2026-06-26T20:21:20.8691753+02:00","Move-Item 'D:\cursor\Labor\_quarantine\operativ-navigator_260614_cleanup_20260626_201630\backend\test-output\audit_street_search.mjs' 'D:\cursor\operativ-navigator_260614\backend\test-output\audit_street_search.mjs' -Force"
"backend\test-output\audit_trip_maradvanyok.mjs","D:\cursor\Labor\_quarantine\operativ-navigator_260614_cleanup_20260626_201630\backend\test-output\audit_trip_maradvanyok.mjs","5DDDB4FADAD2AC38EBF8E2973DB4EA40F00B5729312827716D334D391FC46522","5DDDB4FADAD2AC38EBF8E2973DB4EA40F00B5729312827716D334D391FC46522","4412","H_TEMP_OUTPUT","not served by server.js","no runtime ref","2026-06-26T20:21:20.8691753+02:00","Move-Item 'D:\cursor\Labor\_quarantine\operativ-navigator_260614_cleanup_20260626_201630\backend\test-output\audit_trip_maradvanyok.mjs' 'D:\cursor\operativ-navigator_260614\backend\test-output\audit_trip_maradvanyok.mjs' -Force"
"backend\test-output\calendar_debug.png","D:\cursor\Labor\_quarantine\operativ-navigator_260614_cleanup_20260626_201630\backend\test-output\calendar_debug.png","353E99EEDB75DBCE381E7B41BBF2215C756032457B308F58621536A286726535","353E99EEDB75DBCE381E7B41BBF2215C756032457B308F58621536A286726535","1311900","H_TEMP_OUTPUT","not served by server.js","no runtime ref","2026-06-26T20:21:20.8691753+02:00","Move-Item 'D:\cursor\Labor\_quarantine\operativ-navigator_260614_cleanup_20260626_201630\backend\test-output\calendar_debug.png' 'D:\cursor\operativ-navigator_260614\backend\test-output\calendar_debug.png' -Force"
"backend\test-output\config_stability_audit.json","D:\cursor\Labor\_quarantine\operativ-navigator_260614_cleanup_20260626_201630\backend\test-output\config_stability_audit.json","07630EAA7D4FB6696E4C7658FF5AB729C61BE7D07C888856E0301D0E117C7B61","07630EAA7D4FB6696E4C7658FF5AB729C61BE7D07C888856E0301D0E117C7B61","20149","H_TEMP_OUTPUT","not served by server.js","no runtime ref","2026-06-26T20:21:20.8691753+02:00","Move-Item 'D:\cursor\Labor\_quarantine\operativ-navigator_260614_cleanup_20260626_201630\backend\test-output\config_stability_audit.json' 'D:\cursor\operativ-navigator_260614\backend\test-output\config_stability_audit.json' -Force"
"backend\test-output\config_stability_audit.md","D:\cursor\Labor\_quarantine\operativ-navigator_260614_cleanup_20260626_201630\backend\test-output\config_stability_audit.md","EDC1AB4D36067F1E5517C083629A4357A4E465515D7D0E83DFB0B3603ECC9687","EDC1AB4D36067F1E5517C083629A4357A4E465515D7D0E83DFB0B3603ECC9687","3308","H_TEMP_OUTPUT","not served by server.js","no runtime ref","2026-06-26T20:21:20.8691753+02:00","Move-Item 'D:\cursor\Labor\_quarantine\operativ-navigator_260614_cleanup_20260626_201630\backend\test-output\config_stability_audit.md' 'D:\cursor\operativ-navigator_260614\backend\test-output\config_stability_audit.md' -Force"
"backend\test-output\lab_proxy_validation.mjs","D:\cursor\Labor\_quarantine\operativ-navigator_260614_cleanup_20260626_201630\backend\test-output\lab_proxy_validation.mjs","574E50F7F468B7A94FBA000B31984B15F340655934100D502BD2592A5174CAAD","574E50F7F468B7A94FBA000B31984B15F340655934100D502BD2592A5174CAAD","5202","H_TEMP_OUTPUT","not served by server.js","no runtime ref","2026-06-26T20:21:20.8691753+02:00","Move-Item 'D:\cursor\Labor\_quarantine\operativ-navigator_260614_cleanup_20260626_201630\backend\test-output\lab_proxy_validation.mjs' 'D:\cursor\operativ-navigator_260614\backend\test-output\lab_proxy_validation.mjs' -Force"
"backend\test-output\lab_proxy_validation_result.json","D:\cursor\Labor\_quarantine\operativ-navigator_260614_cleanup_20260626_201630\backend\test-output\lab_proxy_validation_result.json","3A2FB012CA9D09BD951D2CD31128154A54DEBFAF085B4FF7A6AE8692D82FECFD","3A2FB012CA9D09BD951D2CD31128154A54DEBFAF085B4FF7A6AE8692D82FECFD","19177","H_TEMP_OUTPUT","not served by server.js","no runtime ref","2026-06-26T20:21:20.8691753+02:00","Move-Item 'D:\cursor\Labor\_quarantine\operativ-navigator_260614_cleanup_20260626_201630\backend\test-output\lab_proxy_validation_result.json' 'D:\cursor\operativ-navigator_260614\backend\test-output\lab_proxy_validation_result.json' -Force"
"backend\test-output\lab_v2_street_test.mjs","D:\cursor\Labor\_quarantine\operativ-navigator_260614_cleanup_20260626_201630\backend\test-output\lab_v2_street_test.mjs","8ECCB7A36569F152743940AD1C21FD21449D70FA050B8419167E078559CE22E5","8ECCB7A36569F152743940AD1C21FD21449D70FA050B8419167E078559CE22E5","2753","H_TEMP_OUTPUT","not served by server.js","no runtime ref","2026-06-26T20:21:20.8691753+02:00","Move-Item 'D:\cursor\Labor\_quarantine\operativ-navigator_260614_cleanup_20260626_201630\backend\test-output\lab_v2_street_test.mjs' 'D:\cursor\operativ-navigator_260614\backend\test-output\lab_v2_street_test.mjs' -Force"
"backend\test-output\live_click_flow_audit.json","D:\cursor\Labor\_quarantine\operativ-navigator_260614_cleanup_20260626_201630\backend\test-output\live_click_flow_audit.json","E159B66EFE49A2DA1FB48B14FB06BA2EE0ED49E7525ABBF0329D639103058AF3","E159B66EFE49A2DA1FB48B14FB06BA2EE0ED49E7525ABBF0329D639103058AF3","12304","H_TEMP_OUTPUT","not served by server.js","no runtime ref","2026-06-26T20:21:20.8691753+02:00","Move-Item 'D:\cursor\Labor\_quarantine\operativ-navigator_260614_cleanup_20260626_201630\backend\test-output\live_click_flow_audit.json' 'D:\cursor\operativ-navigator_260614\backend\test-output\live_click_flow_audit.json' -Force"
"backend\test-output\live_click_flow_audit.mjs","D:\cursor\Labor\_quarantine\operativ-navigator_260614_cleanup_20260626_201630\backend\test-output\live_click_flow_audit.mjs","40275A54DAED0847439C4A11B59DD97FE3A3C59A0C00BBDAECA8CD7F796CECAC","40275A54DAED0847439C4A11B59DD97FE3A3C59A0C00BBDAECA8CD7F796CECAC","4642","H_TEMP_OUTPUT","not served by server.js","no runtime ref","2026-06-26T20:21:20.8691753+02:00","Move-Item 'D:\cursor\Labor\_quarantine\operativ-navigator_260614_cleanup_20260626_201630\backend\test-output\live_click_flow_audit.mjs' 'D:\cursor\operativ-navigator_260614\backend\test-output\live_click_flow_audit.mjs' -Force"
"backend\test-output\operator_flow_run.mjs","D:\cursor\Labor\_quarantine\operativ-navigator_260614_cleanup_20260626_201630\backend\test-output\operator_flow_run.mjs","804ADAAD14AAF4CB83AF993F98F11AD77A49DA8D29F1E85DD0F2BAD4CEC058F0","804ADAAD14AAF4CB83AF993F98F11AD77A49DA8D29F1E85DD0F2BAD4CEC058F0","12630","H_TEMP_OUTPUT","not served by server.js","no runtime ref","2026-06-26T20:21:20.8691753+02:00","Move-Item 'D:\cursor\Labor\_quarantine\operativ-navigator_260614_cleanup_20260626_201630\backend\test-output\operator_flow_run.mjs' 'D:\cursor\operativ-navigator_260614\backend\test-output\operator_flow_run.mjs' -Force"
"backend\test-output\real_user_repro.mjs","D:\cursor\Labor\_quarantine\operativ-navigator_260614_cleanup_20260626_201630\backend\test-output\real_user_repro.mjs","A214A32EBE8B939AEA63E84183D07B9A3C7CA7428124685869A6BE4D485C7454","A214A32EBE8B939AEA63E84183D07B9A3C7CA7428124685869A6BE4D485C7454","6832","H_TEMP_OUTPUT","not served by server.js","no runtime ref","2026-06-26T20:21:20.8691753+02:00","Move-Item 'D:\cursor\Labor\_quarantine\operativ-navigator_260614_cleanup_20260626_201630\backend\test-output\real_user_repro.mjs' 'D:\cursor\operativ-navigator_260614\backend\test-output\real_user_repro.mjs' -Force"
"backend\test-output\real_user_repro_runB.mjs","D:\cursor\Labor\_quarantine\operativ-navigator_260614_cleanup_20260626_201630\backend\test-output\real_user_repro_runB.mjs","A6839EE2F4EE1F0AAA2EF31784ABEFBB7AE2EE8E2CA5A961E52493751C2D5373","A6839EE2F4EE1F0AAA2EF31784ABEFBB7AE2EE8E2CA5A961E52493751C2D5373","3045","H_TEMP_OUTPUT","not served by server.js","no runtime ref","2026-06-26T20:21:20.8691753+02:00","Move-Item 'D:\cursor\Labor\_quarantine\operativ-navigator_260614_cleanup_20260626_201630\backend\test-output\real_user_repro_runB.mjs' 'D:\cursor\operativ-navigator_260614\backend\test-output\real_user_repro_runB.mjs' -Force"
"backend\test-output\real_user_repro_runC.mjs","D:\cursor\Labor\_quarantine\operativ-navigator_260614_cleanup_20260626_201630\backend\test-output\real_user_repro_runC.mjs","706CCE22BCB21B3C6B7990ABF565E22645E36FDBC2A45CBD035D720415BDB2D8","706CCE22BCB21B3C6B7990ABF565E22645E36FDBC2A45CBD035D720415BDB2D8","3062","H_TEMP_OUTPUT","not served by server.js","no runtime ref","2026-06-26T20:21:20.8691753+02:00","Move-Item 'D:\cursor\Labor\_quarantine\operativ-navigator_260614_cleanup_20260626_201630\backend\test-output\real_user_repro_runC.mjs' 'D:\cursor\operativ-navigator_260614\backend\test-output\real_user_repro_runC.mjs' -Force"
"backend\test-output\regression_config_ui.png","D:\cursor\Labor\_quarantine\operativ-navigator_260614_cleanup_20260626_201630\backend\test-output\regression_config_ui.png","522838FC249C0820E4FDA60B4C0A75D9EFAA4C64566009D5D799FE7A7BCD2E7C","522838FC249C0820E4FDA60B4C0A75D9EFAA4C64566009D5D799FE7A7BCD2E7C","629483","H_TEMP_OUTPUT","not served by server.js","no runtime ref","2026-06-26T20:21:20.8691753+02:00","Move-Item 'D:\cursor\Labor\_quarantine\operativ-navigator_260614_cleanup_20260626_201630\backend\test-output\regression_config_ui.png' 'D:\cursor\operativ-navigator_260614\backend\test-output\regression_config_ui.png' -Force"
"backend\test-output\RENT-2025-0005_route_proof.png","D:\cursor\Labor\_quarantine\operativ-navigator_260614_cleanup_20260626_201630\backend\test-output\RENT-2025-0005_route_proof.png","EE548DB4AE696A068A3920F0C50D0315B41ED39F91375C98385FC4245C030EA6","EE548DB4AE696A068A3920F0C50D0315B41ED39F91375C98385FC4245C030EA6","1806738","H_TEMP_OUTPUT","not served by server.js","no runtime ref","2026-06-26T20:21:20.8691753+02:00","Move-Item 'D:\cursor\Labor\_quarantine\operativ-navigator_260614_cleanup_20260626_201630\backend\test-output\RENT-2025-0005_route_proof.png' 'D:\cursor\operativ-navigator_260614\backend\test-output\RENT-2025-0005_route_proof.png' -Force"
"backend\test-output\RENT-2025-0005_route_proof_full.png","D:\cursor\Labor\_quarantine\operativ-navigator_260614_cleanup_20260626_201630\backend\test-output\RENT-2025-0005_route_proof_full.png","B994024944505ED678552DD23D626356B1B0576DF6BEE01B709A13853E68DE93","B994024944505ED678552DD23D626356B1B0576DF6BEE01B709A13853E68DE93","1913329","H_TEMP_OUTPUT","not served by server.js","no runtime ref","2026-06-26T20:21:20.8691753+02:00","Move-Item 'D:\cursor\Labor\_quarantine\operativ-navigator_260614_cleanup_20260626_201630\backend\test-output\RENT-2025-0005_route_proof_full.png' 'D:\cursor\operativ-navigator_260614\backend\test-output\RENT-2025-0005_route_proof_full.png' -Force"
"backend\test-output\rent_city_autocomplete_audit.mjs","D:\cursor\Labor\_quarantine\operativ-navigator_260614_cleanup_20260626_201630\backend\test-output\rent_city_autocomplete_audit.mjs","E052ED198687DB0189A35CD567705BA6A32C3617F685D3878A1FEC66CB7F5707","E052ED198687DB0189A35CD567705BA6A32C3617F685D3878A1FEC66CB7F5707","5347","H_TEMP_OUTPUT","not served by server.js","no runtime ref","2026-06-26T20:21:20.8691753+02:00","Move-Item 'D:\cursor\Labor\_quarantine\operativ-navigator_260614_cleanup_20260626_201630\backend\test-output\rent_city_autocomplete_audit.mjs' 'D:\cursor\operativ-navigator_260614\backend\test-output\rent_city_autocomplete_audit.mjs' -Force"
"backend\test-output\rent_city_network_audit.mjs","D:\cursor\Labor\_quarantine\operativ-navigator_260614_cleanup_20260626_201630\backend\test-output\rent_city_network_audit.mjs","2413B5DABDB6B630DDB150EDCADA0E7FA65324B67925925C90762BBBFFF87179","2413B5DABDB6B630DDB150EDCADA0E7FA65324B67925925C90762BBBFFF87179","8033","H_TEMP_OUTPUT","not served by server.js","no runtime ref","2026-06-26T20:21:20.8691753+02:00","Move-Item 'D:\cursor\Labor\_quarantine\operativ-navigator_260614_cleanup_20260626_201630\backend\test-output\rent_city_network_audit.mjs' 'D:\cursor\operativ-navigator_260614\backend\test-output\rent_city_network_audit.mjs' -Force"
"backend\test-output\rent_city_street_priority_test.mjs","D:\cursor\Labor\_quarantine\operativ-navigator_260614_cleanup_20260626_201630\backend\test-output\rent_city_street_priority_test.mjs","68BD3827F188ED56D3F089F8579FF86D8491E12C356DB066D16AB123CB3F7F51","68BD3827F188ED56D3F089F8579FF86D8491E12C356DB066D16AB123CB3F7F51","4331","H_TEMP_OUTPUT","not served by server.js","no runtime ref","2026-06-26T20:21:20.8691753+02:00","Move-Item 'D:\cursor\Labor\_quarantine\operativ-navigator_260614_cleanup_20260626_201630\backend\test-output\rent_city_street_priority_test.mjs' 'D:\cursor\operativ-navigator_260614\backend\test-output\rent_city_street_priority_test.mjs' -Force"
"backend\test-output\rent_city_with_street_audit.mjs","D:\cursor\Labor\_quarantine\operativ-navigator_260614_cleanup_20260626_201630\backend\test-output\rent_city_with_street_audit.mjs","FB71FB699901361D5534BBD9745034DA235F6457D1D9672B20B05933CCCAB77B","FB71FB699901361D5534BBD9745034DA235F6457D1D9672B20B05933CCCAB77B","1983","H_TEMP_OUTPUT","not served by server.js","no runtime ref","2026-06-26T20:21:20.8691753+02:00","Move-Item 'D:\cursor\Labor\_quarantine\operativ-navigator_260614_cleanup_20260626_201630\backend\test-output\rent_city_with_street_audit.mjs' 'D:\cursor\operativ-navigator_260614\backend\test-output\rent_city_with_street_audit.mjs' -Force"
"backend\test-output\rent_critical_regression_audit.mjs","D:\cursor\Labor\_quarantine\operativ-navigator_260614_cleanup_20260626_201630\backend\test-output\rent_critical_regression_audit.mjs","712DE935672FD00155883C59C582949885DC4FC0595FD0D3C3156651179444FA","712DE935672FD00155883C59C582949885DC4FC0595FD0D3C3156651179444FA","9551","H_TEMP_OUTPUT","not served by server.js","no runtime ref","2026-06-26T20:21:20.8691753+02:00","Move-Item 'D:\cursor\Labor\_quarantine\operativ-navigator_260614_cleanup_20260626_201630\backend\test-output\rent_critical_regression_audit.mjs' 'D:\cursor\operativ-navigator_260614\backend\test-output\rent_critical_regression_audit.mjs' -Force"
"backend\test-output\rent_geocode_proxy_api_smoke.mjs","D:\cursor\Labor\_quarantine\operativ-navigator_260614_cleanup_20260626_201630\backend\test-output\rent_geocode_proxy_api_smoke.mjs","DC7B6430443815BA012702DBD7868B0931FD9C92C98FAEE9D79C4167ECD54A35","DC7B6430443815BA012702DBD7868B0931FD9C92C98FAEE9D79C4167ECD54A35","1550","H_TEMP_OUTPUT","not served by server.js","no runtime ref","2026-06-26T20:21:20.8691753+02:00","Move-Item 'D:\cursor\Labor\_quarantine\operativ-navigator_260614_cleanup_20260626_201630\backend\test-output\rent_geocode_proxy_api_smoke.mjs' 'D:\cursor\operativ-navigator_260614\backend\test-output\rent_geocode_proxy_api_smoke.mjs' -Force"
"backend\test-output\rent_geocode_proxy_smoke.mjs","D:\cursor\Labor\_quarantine\operativ-navigator_260614_cleanup_20260626_201630\backend\test-output\rent_geocode_proxy_smoke.mjs","1490D0D85B9006A9B4CBCC658B2581C8FCD3E492F4870F534AAF6ABBFD888761","1490D0D85B9006A9B4CBCC658B2581C8FCD3E492F4870F534AAF6ABBFD888761","3455","H_TEMP_OUTPUT","not served by server.js","no runtime ref","2026-06-26T20:21:20.8691753+02:00","Move-Item 'D:\cursor\Labor\_quarantine\operativ-navigator_260614_cleanup_20260626_201630\backend\test-output\rent_geocode_proxy_smoke.mjs' 'D:\cursor\operativ-navigator_260614\backend\test-output\rent_geocode_proxy_smoke.mjs' -Force"
"backend\test-output\rent_geocode_rate_limit_audit.mjs","D:\cursor\Labor\_quarantine\operativ-navigator_260614_cleanup_20260626_201630\backend\test-output\rent_geocode_rate_limit_audit.mjs","F4AE80EE218D80BAD87944CD8F7C1098E6D80E655E8076F3A6E67D395E9FEC45","F4AE80EE218D80BAD87944CD8F7C1098E6D80E655E8076F3A6E67D395E9FEC45","3354","H_TEMP_OUTPUT","not served by server.js","no runtime ref","2026-06-26T20:21:20.8691753+02:00","Move-Item 'D:\cursor\Labor\_quarantine\operativ-navigator_260614_cleanup_20260626_201630\backend\test-output\rent_geocode_rate_limit_audit.mjs' 'D:\cursor\operativ-navigator_260614\backend\test-output\rent_geocode_rate_limit_audit.mjs' -Force"
"backend\test-output\rent_lab_city_longwait.mjs","D:\cursor\Labor\_quarantine\operativ-navigator_260614_cleanup_20260626_201630\backend\test-output\rent_lab_city_longwait.mjs","8D81841999920334E7D0BF2431800721BAD418A83F65951E778BA906148C363D","8D81841999920334E7D0BF2431800721BAD418A83F65951E778BA906148C363D","2292","H_TEMP_OUTPUT","not served by server.js","no runtime ref","2026-06-26T20:21:20.8691753+02:00","Move-Item 'D:\cursor\Labor\_quarantine\operativ-navigator_260614_cleanup_20260626_201630\backend\test-output\rent_lab_city_longwait.mjs' 'D:\cursor\operativ-navigator_260614\backend\test-output\rent_lab_city_longwait.mjs' -Force"
"backend\test-output\rent_lab_restore_compare.mjs","D:\cursor\Labor\_quarantine\operativ-navigator_260614_cleanup_20260626_201630\backend\test-output\rent_lab_restore_compare.mjs","E3B9C89A14561E1C397EBA7A1EF55BC80A5D10ACF6ACDC4D05D83E35D771D95A","E3B9C89A14561E1C397EBA7A1EF55BC80A5D10ACF6ACDC4D05D83E35D771D95A","8165","H_TEMP_OUTPUT","not served by server.js","no runtime ref","2026-06-26T20:21:20.8691753+02:00","Move-Item 'D:\cursor\Labor\_quarantine\operativ-navigator_260614_cleanup_20260626_201630\backend\test-output\rent_lab_restore_compare.mjs' 'D:\cursor\operativ-navigator_260614\backend\test-output\rent_lab_restore_compare.mjs' -Force"
"backend\test-output\rent_lab_restore_compare_result.json","D:\cursor\Labor\_quarantine\operativ-navigator_260614_cleanup_20260626_201630\backend\test-output\rent_lab_restore_compare_result.json","EB81451764C00B7B789B788C567D23AB69AB22A356AB9D82DB1436C60AB9FF13","EB81451764C00B7B789B788C567D23AB69AB22A356AB9D82DB1436C60AB9FF13","14480","H_TEMP_OUTPUT","not served by server.js","no runtime ref","2026-06-26T20:21:20.8691753+02:00","Move-Item 'D:\cursor\Labor\_quarantine\operativ-navigator_260614_cleanup_20260626_201630\backend\test-output\rent_lab_restore_compare_result.json' 'D:\cursor\operativ-navigator_260614\backend\test-output\rent_lab_restore_compare_result.json' -Force"
"backend\test-output\rent_map_fullscreen_audit.mjs","D:\cursor\Labor\_quarantine\operativ-navigator_260614_cleanup_20260626_201630\backend\test-output\rent_map_fullscreen_audit.mjs","6FA5E188AE1DEBFF9A4B0C07B6763FA01AB59EF8C0E0BE51FD2144A8637BD119","6FA5E188AE1DEBFF9A4B0C07B6763FA01AB59EF8C0E0BE51FD2144A8637BD119","3188","H_TEMP_OUTPUT","not served by server.js","no runtime ref","2026-06-26T20:21:20.8691753+02:00","Move-Item 'D:\cursor\Labor\_quarantine\operativ-navigator_260614_cleanup_20260626_201630\backend\test-output\rent_map_fullscreen_audit.mjs' 'D:\cursor\operativ-navigator_260614\backend\test-output\rent_map_fullscreen_audit.mjs' -Force"
"backend\test-output\rent_map_fullscreen_chain_audit.mjs","D:\cursor\Labor\_quarantine\operativ-navigator_260614_cleanup_20260626_201630\backend\test-output\rent_map_fullscreen_chain_audit.mjs","69DF7221AD6D6CDF7452DEB54947946D584E4525C13A8137189B0E292DC062AC","69DF7221AD6D6CDF7452DEB54947946D584E4525C13A8137189B0E292DC062AC","3609","H_TEMP_OUTPUT","not served by server.js","no runtime ref","2026-06-26T20:21:20.8691753+02:00","Move-Item 'D:\cursor\Labor\_quarantine\operativ-navigator_260614_cleanup_20260626_201630\backend\test-output\rent_map_fullscreen_chain_audit.mjs' 'D:\cursor\operativ-navigator_260614\backend\test-output\rent_map_fullscreen_chain_audit.mjs' -Force"
"backend\test-output\rent_map_mode_jump_proof.mjs","D:\cursor\Labor\_quarantine\operativ-navigator_260614_cleanup_20260626_201630\backend\test-output\rent_map_mode_jump_proof.mjs","4A6D0C9DC49102CAFBFF92681ACEF534796739B9FB2E9AA962B8D8BBB7841B70","4A6D0C9DC49102CAFBFF92681ACEF534796739B9FB2E9AA962B8D8BBB7841B70","2915","H_TEMP_OUTPUT","not served by server.js","no runtime ref","2026-06-26T20:21:20.8691753+02:00","Move-Item 'D:\cursor\Labor\_quarantine\operativ-navigator_260614_cleanup_20260626_201630\backend\test-output\rent_map_mode_jump_proof.mjs' 'D:\cursor\operativ-navigator_260614\backend\test-output\rent_map_mode_jump_proof.mjs' -Force"
"backend\test-output\rent_nominatim_proof.mjs","D:\cursor\Labor\_quarantine\operativ-navigator_260614_cleanup_20260626_201630\backend\test-output\rent_nominatim_proof.mjs","2F0C49BC9E82E544E3EE818C101C095682276A3E6DAFDADB924980515772C6F1","2F0C49BC9E82E544E3EE818C101C095682276A3E6DAFDADB924980515772C6F1","7034","H_TEMP_OUTPUT","not served by server.js","no runtime ref","2026-06-26T20:21:20.8691753+02:00","Move-Item 'D:\cursor\Labor\_quarantine\operativ-navigator_260614_cleanup_20260626_201630\backend\test-output\rent_nominatim_proof.mjs' 'D:\cursor\operativ-navigator_260614\backend\test-output\rent_nominatim_proof.mjs' -Force"
"backend\test-output\rent_nominatim_proof_result.txt","D:\cursor\Labor\_quarantine\operativ-navigator_260614_cleanup_20260626_201630\backend\test-output\rent_nominatim_proof_result.txt","A56AF3CB6BA2D0FC89588EAC056B22291638BC9440C516EF017800FFBC9531C9","A56AF3CB6BA2D0FC89588EAC056B22291638BC9440C516EF017800FFBC9531C9","17024","H_TEMP_OUTPUT","not served by server.js","no runtime ref","2026-06-26T20:21:20.8691753+02:00","Move-Item 'D:\cursor\Labor\_quarantine\operativ-navigator_260614_cleanup_20260626_201630\backend\test-output\rent_nominatim_proof_result.txt' 'D:\cursor\operativ-navigator_260614\backend\test-output\rent_nominatim_proof_result.txt' -Force"
"backend\test-output\rent_public_integration_smoke.mjs","D:\cursor\Labor\_quarantine\operativ-navigator_260614_cleanup_20260626_201630\backend\test-output\rent_public_integration_smoke.mjs","4B263CFD1FE554643F27C91900E4B018CCE3C4842F2343CAC5F94135A484F7B8","4B263CFD1FE554643F27C91900E4B018CCE3C4842F2343CAC5F94135A484F7B8","5639","H_TEMP_OUTPUT","not served by server.js","no runtime ref","2026-06-26T20:21:20.8691753+02:00","Move-Item 'D:\cursor\Labor\_quarantine\operativ-navigator_260614_cleanup_20260626_201630\backend\test-output\rent_public_integration_smoke.mjs' 'D:\cursor\operativ-navigator_260614\backend\test-output\rent_public_integration_smoke.mjs' -Force"
"backend\test-output\rent_reverse_429_audit.mjs","D:\cursor\Labor\_quarantine\operativ-navigator_260614_cleanup_20260626_201630\backend\test-output\rent_reverse_429_audit.mjs","B2531B6AF456731B316914351F5F2D767A4243F4D87B68E5370061A30AE46F18","B2531B6AF456731B316914351F5F2D767A4243F4D87B68E5370061A30AE46F18","4384","H_TEMP_OUTPUT","not served by server.js","no runtime ref","2026-06-26T20:21:20.8691753+02:00","Move-Item 'D:\cursor\Labor\_quarantine\operativ-navigator_260614_cleanup_20260626_201630\backend\test-output\rent_reverse_429_audit.mjs' 'D:\cursor\operativ-navigator_260614\backend\test-output\rent_reverse_429_audit.mjs' -Force"
"backend\test-output\rent_reverse_429_audit_result.json","D:\cursor\Labor\_quarantine\operativ-navigator_260614_cleanup_20260626_201630\backend\test-output\rent_reverse_429_audit_result.json","0DF3EA6380766D29C6ADD370DD6386617595A581AB652DC0BA7A33245EBB21AD","0DF3EA6380766D29C6ADD370DD6386617595A581AB652DC0BA7A33245EBB21AD","5148","H_TEMP_OUTPUT","not served by server.js","no runtime ref","2026-06-26T20:21:20.8691753+02:00","Move-Item 'D:\cursor\Labor\_quarantine\operativ-navigator_260614_cleanup_20260626_201630\backend\test-output\rent_reverse_429_audit_result.json' 'D:\cursor\operativ-navigator_260614\backend\test-output\rent_reverse_429_audit_result.json' -Force"
"backend\test-output\rent_reverse_429_fetch_audit.mjs","D:\cursor\Labor\_quarantine\operativ-navigator_260614_cleanup_20260626_201630\backend\test-output\rent_reverse_429_fetch_audit.mjs","B186D9F974CA9D0C0321F4556C53D579C7C8018C008E578E5D7FF326FC801E3F","B186D9F974CA9D0C0321F4556C53D579C7C8018C008E578E5D7FF326FC801E3F","1399","H_TEMP_OUTPUT","not served by server.js","no runtime ref","2026-06-26T20:21:20.8691753+02:00","Move-Item 'D:\cursor\Labor\_quarantine\operativ-navigator_260614_cleanup_20260626_201630\backend\test-output\rent_reverse_429_fetch_audit.mjs' 'D:\cursor\operativ-navigator_260614\backend\test-output\rent_reverse_429_fetch_audit.mjs' -Force"
"backend\test-output\rent_reverse_address_fill_audit.json","D:\cursor\Labor\_quarantine\operativ-navigator_260614_cleanup_20260626_201630\backend\test-output\rent_reverse_address_fill_audit.json","D645A36564B18A8D083707C11DC8C5D800E8A20B4BC678009A4F8DECBE78FBFF","D645A36564B18A8D083707C11DC8C5D800E8A20B4BC678009A4F8DECBE78FBFF","9958","H_TEMP_OUTPUT","not served by server.js","no runtime ref","2026-06-26T20:21:20.8691753+02:00","Move-Item 'D:\cursor\Labor\_quarantine\operativ-navigator_260614_cleanup_20260626_201630\backend\test-output\rent_reverse_address_fill_audit.json' 'D:\cursor\operativ-navigator_260614\backend\test-output\rent_reverse_address_fill_audit.json' -Force"
"backend\test-output\rent_reverse_address_fill_audit.mjs","D:\cursor\Labor\_quarantine\operativ-navigator_260614_cleanup_20260626_201630\backend\test-output\rent_reverse_address_fill_audit.mjs","30FD3107127090F6C34D00E1746412761ECC62EB79EC6058EF3BBE38344E1618","30FD3107127090F6C34D00E1746412761ECC62EB79EC6058EF3BBE38344E1618","10350","H_TEMP_OUTPUT","not served by server.js","no runtime ref","2026-06-26T20:21:20.8691753+02:00","Move-Item 'D:\cursor\Labor\_quarantine\operativ-navigator_260614_cleanup_20260626_201630\backend\test-output\rent_reverse_address_fill_audit.mjs' 'D:\cursor\operativ-navigator_260614\backend\test-output\rent_reverse_address_fill_audit.mjs' -Force"
"backend\test-output\rent_stale_guard_proof.mjs","D:\cursor\Labor\_quarantine\operativ-navigator_260614_cleanup_20260626_201630\backend\test-output\rent_stale_guard_proof.mjs","396636F51D2A6E02ECAFBAF34E34045B2ED5370D337ADC6818261F2E9477CBFF","396636F51D2A6E02ECAFBAF34E34045B2ED5370D337ADC6818261F2E9477CBFF","1568","H_TEMP_OUTPUT","not served by server.js","no runtime ref","2026-06-26T20:21:20.8691753+02:00","Move-Item 'D:\cursor\Labor\_quarantine\operativ-navigator_260614_cleanup_20260626_201630\backend\test-output\rent_stale_guard_proof.mjs' 'D:\cursor\operativ-navigator_260614\backend\test-output\rent_stale_guard_proof.mjs' -Force"
"backend\test-output\rent_street_autocomplete_browser_diagnose.mjs","D:\cursor\Labor\_quarantine\operativ-navigator_260614_cleanup_20260626_201630\backend\test-output\rent_street_autocomplete_browser_diagnose.mjs","922A26BB411EB624C696C9D5E09E9D81B43BC55A04601E4743BA758CE0D3BD22","922A26BB411EB624C696C9D5E09E9D81B43BC55A04601E4743BA758CE0D3BD22","4932","H_TEMP_OUTPUT","not served by server.js","no runtime ref","2026-06-26T20:21:20.8691753+02:00","Move-Item 'D:\cursor\Labor\_quarantine\operativ-navigator_260614_cleanup_20260626_201630\backend\test-output\rent_street_autocomplete_browser_diagnose.mjs' 'D:\cursor\operativ-navigator_260614\backend\test-output\rent_street_autocomplete_browser_diagnose.mjs' -Force"
"backend\test-output\rent_street_autocomplete_clean_diagnose.mjs","D:\cursor\Labor\_quarantine\operativ-navigator_260614_cleanup_20260626_201630\backend\test-output\rent_street_autocomplete_clean_diagnose.mjs","F746F1B2B8030612D5988C18F32A784260A8A35A62AD45D62DD8BF59CE9E6BC1","F746F1B2B8030612D5988C18F32A784260A8A35A62AD45D62DD8BF59CE9E6BC1","5072","H_TEMP_OUTPUT","not served by server.js","no runtime ref","2026-06-26T20:21:20.8691753+02:00","Move-Item 'D:\cursor\Labor\_quarantine\operativ-navigator_260614_cleanup_20260626_201630\backend\test-output\rent_street_autocomplete_clean_diagnose.mjs' 'D:\cursor\operativ-navigator_260614\backend\test-output\rent_street_autocomplete_clean_diagnose.mjs' -Force"
"backend\test-output\rent_street_autocomplete_diagnose.mjs","D:\cursor\Labor\_quarantine\operativ-navigator_260614_cleanup_20260626_201630\backend\test-output\rent_street_autocomplete_diagnose.mjs","9BCC32F57FF4BCDE80DE4C6C5BD0BF7C24F3329DE373635A11B76E1B44D9C828","9BCC32F57FF4BCDE80DE4C6C5BD0BF7C24F3329DE373635A11B76E1B44D9C828","14490","H_TEMP_OUTPUT","not served by server.js","no runtime ref","2026-06-26T20:21:20.8691753+02:00","Move-Item 'D:\cursor\Labor\_quarantine\operativ-navigator_260614_cleanup_20260626_201630\backend\test-output\rent_street_autocomplete_diagnose.mjs' 'D:\cursor\operativ-navigator_260614\backend\test-output\rent_street_autocomplete_diagnose.mjs' -Force"
"backend\test-output\rent_street_autocomplete_partial_diagnose.mjs","D:\cursor\Labor\_quarantine\operativ-navigator_260614_cleanup_20260626_201630\backend\test-output\rent_street_autocomplete_partial_diagnose.mjs","9A946FE83BEC0CFE240BF8F2237E42B5F935E318D1FA71FAF0D9D3C1E63EFB19","9A946FE83BEC0CFE240BF8F2237E42B5F935E318D1FA71FAF0D9D3C1E63EFB19","6234","H_TEMP_OUTPUT","not served by server.js","no runtime ref","2026-06-26T20:21:20.8691753+02:00","Move-Item 'D:\cursor\Labor\_quarantine\operativ-navigator_260614_cleanup_20260626_201630\backend\test-output\rent_street_autocomplete_partial_diagnose.mjs' 'D:\cursor\operativ-navigator_260614\backend\test-output\rent_street_autocomplete_partial_diagnose.mjs' -Force"
"backend\test-output\rent_street_fallback_smoke.mjs","D:\cursor\Labor\_quarantine\operativ-navigator_260614_cleanup_20260626_201630\backend\test-output\rent_street_fallback_smoke.mjs","1516994C33E81AAC9259F92D97BE1C78E8D7AF9C325B15B5E5C9F830681E496F","1516994C33E81AAC9259F92D97BE1C78E8D7AF9C325B15B5E5C9F830681E496F","3783","H_TEMP_OUTPUT","not served by server.js","no runtime ref","2026-06-26T20:21:20.8691753+02:00","Move-Item 'D:\cursor\Labor\_quarantine\operativ-navigator_260614_cleanup_20260626_201630\backend\test-output\rent_street_fallback_smoke.mjs' 'D:\cursor\operativ-navigator_260614\backend\test-output\rent_street_fallback_smoke.mjs' -Force"
"backend\test-output\rent_street_one_debug.mjs","D:\cursor\Labor\_quarantine\operativ-navigator_260614_cleanup_20260626_201630\backend\test-output\rent_street_one_debug.mjs","07670F2F4EB0E4B64C695EC4EC92A7B6DA9A10F4430D580246456EE56178DC8E","07670F2F4EB0E4B64C695EC4EC92A7B6DA9A10F4430D580246456EE56178DC8E","1371","H_TEMP_OUTPUT","not served by server.js","no runtime ref","2026-06-26T20:21:20.8691753+02:00","Move-Item 'D:\cursor\Labor\_quarantine\operativ-navigator_260614_cleanup_20260626_201630\backend\test-output\rent_street_one_debug.mjs' 'D:\cursor\operativ-navigator_260614\backend\test-output\rent_street_one_debug.mjs' -Force"
"backend\test-output\rent_test1_debug.mjs","D:\cursor\Labor\_quarantine\operativ-navigator_260614_cleanup_20260626_201630\backend\test-output\rent_test1_debug.mjs","5CA1F914E9791F603F631914DEF59D76066775606F37687872D43D040AD92455","5CA1F914E9791F603F631914DEF59D76066775606F37687872D43D040AD92455","1201","H_TEMP_OUTPUT","not served by server.js","no runtime ref","2026-06-26T20:21:20.8691753+02:00","Move-Item 'D:\cursor\Labor\_quarantine\operativ-navigator_260614_cleanup_20260626_201630\backend\test-output\rent_test1_debug.mjs' 'D:\cursor\operativ-navigator_260614\backend\test-output\rent_test1_debug.mjs' -Force"
"backend\test-output\reverse_429_server_console.log","D:\cursor\Labor\_quarantine\operativ-navigator_260614_cleanup_20260626_201630\backend\test-output\reverse_429_server_console.log","F4A4D6B39A0990EEE8792764183E8FA8D10C65159A46EEDC6395BB6A3E7A1E08","F4A4D6B39A0990EEE8792764183E8FA8D10C65159A46EEDC6395BB6A3E7A1E08","4880","H_TEMP_OUTPUT","not served by server.js","no runtime ref","2026-06-26T20:21:20.8691753+02:00","Move-Item 'D:\cursor\Labor\_quarantine\operativ-navigator_260614_cleanup_20260626_201630\backend\test-output\reverse_429_server_console.log' 'D:\cursor\operativ-navigator_260614\backend\test-output\reverse_429_server_console.log' -Force"
"backend\test-output\v26_rc_test.mjs","D:\cursor\Labor\_quarantine\operativ-navigator_260614_cleanup_20260626_201630\backend\test-output\v26_rc_test.mjs","5E10CF70485143741C5493BB60F24EC54FCA45EC902824825C274B05B911BFAD","5E10CF70485143741C5493BB60F24EC54FCA45EC902824825C274B05B911BFAD","7914","H_TEMP_OUTPUT","not served by server.js","no runtime ref","2026-06-26T20:21:20.8691753+02:00","Move-Item 'D:\cursor\Labor\_quarantine\operativ-navigator_260614_cleanup_20260626_201630\backend\test-output\v26_rc_test.mjs' 'D:\cursor\operativ-navigator_260614\backend\test-output\v26_rc_test.mjs' -Force"
"backend\test-output\verify_jaratok_status_filter.mjs","D:\cursor\Labor\_quarantine\operativ-navigator_260614_cleanup_20260626_201630\backend\test-output\verify_jaratok_status_filter.mjs","C6CA820A185BBA58695EEEC3C7D4544398F5B93A3F05693E85EAEBEEBEE01B75","C6CA820A185BBA58695EEEC3C7D4544398F5B93A3F05693E85EAEBEEBEE01B75","2306","H_TEMP_OUTPUT","not served by server.js","no runtime ref","2026-06-26T20:21:20.8691753+02:00","Move-Item 'D:\cursor\Labor\_quarantine\operativ-navigator_260614_cleanup_20260626_201630\backend\test-output\verify_jaratok_status_filter.mjs' 'D:\cursor\operativ-navigator_260614\backend\test-output\verify_jaratok_status_filter.mjs' -Force"
"backend\test-output\verify_operative_filter.mjs","D:\cursor\Labor\_quarantine\operativ-navigator_260614_cleanup_20260626_201630\backend\test-output\verify_operative_filter.mjs","4306F065BC1A48B1A1511F0515D58F3091F7AD1E1D27E41730611C8EDEDC70D5","4306F065BC1A48B1A1511F0515D58F3091F7AD1E1D27E41730611C8EDEDC70D5","2891","H_TEMP_OUTPUT","not served by server.js","no runtime ref","2026-06-26T20:21:20.8691753+02:00","Move-Item 'D:\cursor\Labor\_quarantine\operativ-navigator_260614_cleanup_20260626_201630\backend\test-output\verify_operative_filter.mjs' 'D:\cursor\operativ-navigator_260614\backend\test-output\verify_operative_filter.mjs' -Force"
"backend\test-output\visual_flow_compare.mjs","D:\cursor\Labor\_quarantine\operativ-navigator_260614_cleanup_20260626_201630\backend\test-output\visual_flow_compare.mjs","9C55981780F5542A1D3E6D785BFAEB9A41C710F729D12D9378A950EBF538226E","9C55981780F5542A1D3E6D785BFAEB9A41C710F729D12D9378A950EBF538226E","9138","H_TEMP_OUTPUT","not served by server.js","no runtime ref","2026-06-26T20:21:20.8691753+02:00","Move-Item 'D:\cursor\Labor\_quarantine\operativ-navigator_260614_cleanup_20260626_201630\backend\test-output\visual_flow_compare.mjs' 'D:\cursor\operativ-navigator_260614\backend\test-output\visual_flow_compare.mjs' -Force"
"backend\test-output\visual_flow_debug.mjs","D:\cursor\Labor\_quarantine\operativ-navigator_260614_cleanup_20260626_201630\backend\test-output\visual_flow_debug.mjs","7253C1BCC63B9B5B7E3B0726E7AAD14A31F9A91880F7180F8A9B75B0A62262BA","7253C1BCC63B9B5B7E3B0726E7AAD14A31F9A91880F7180F8A9B75B0A62262BA","1079","H_TEMP_OUTPUT","not served by server.js","no runtime ref","2026-06-26T20:21:20.8691753+02:00","Move-Item 'D:\cursor\Labor\_quarantine\operativ-navigator_260614_cleanup_20260626_201630\backend\test-output\visual_flow_debug.mjs' 'D:\cursor\operativ-navigator_260614\backend\test-output\visual_flow_debug.mjs' -Force"
"backend\test-output\visual_flow_suggest_check.mjs","D:\cursor\Labor\_quarantine\operativ-navigator_260614_cleanup_20260626_201630\backend\test-output\visual_flow_suggest_check.mjs","745A00A30E276DB077E42BE49D9CFEAF3AE26F85E76B7A1483502CE6341E821B","745A00A30E276DB077E42BE49D9CFEAF3AE26F85E76B7A1483502CE6341E821B","1002","H_TEMP_OUTPUT","not served by server.js","no runtime ref","2026-06-26T20:21:20.8691753+02:00","Move-Item 'D:\cursor\Labor\_quarantine\operativ-navigator_260614_cleanup_20260626_201630\backend\test-output\visual_flow_suggest_check.mjs' 'D:\cursor\operativ-navigator_260614\backend\test-output\visual_flow_suggest_check.mjs' -Force"
"backend\test-output\_tmp_diff_audit.mjs","D:\cursor\Labor\_quarantine\operativ-navigator_260614_cleanup_20260626_201630\backend\test-output\_tmp_diff_audit.mjs","E53528A01CC294EA813FEB09F290BD1C5AEFC8BFAE3F971C50A00B5E977F960D","E53528A01CC294EA813FEB09F290BD1C5AEFC8BFAE3F971C50A00B5E977F960D","1880","H_TEMP_OUTPUT","not served by server.js","no runtime ref","2026-06-26T20:21:20.8691753+02:00","Move-Item 'D:\cursor\Labor\_quarantine\operativ-navigator_260614_cleanup_20260626_201630\backend\test-output\_tmp_diff_audit.mjs' 'D:\cursor\operativ-navigator_260614\backend\test-output\_tmp_diff_audit.mjs' -Force"
"backend\test-output\map_basemap\basemap_dark.png","D:\cursor\Labor\_quarantine\operativ-navigator_260614_cleanup_20260626_201630\backend\test-output\map_basemap\basemap_dark.png","3C4A49467F8FEF5D3A224E09BBE2B68D3A29014D7280B3B83589E134706C98D3","3C4A49467F8FEF5D3A224E09BBE2B68D3A29014D7280B3B83589E134706C98D3","532682","H_TEMP_OUTPUT","not served by server.js","no runtime ref","2026-06-26T20:21:20.8691753+02:00","Move-Item 'D:\cursor\Labor\_quarantine\operativ-navigator_260614_cleanup_20260626_201630\backend\test-output\map_basemap\basemap_dark.png' 'D:\cursor\operativ-navigator_260614\backend\test-output\map_basemap\basemap_dark.png' -Force"
"backend\test-output\map_basemap\basemap_normal.png","D:\cursor\Labor\_quarantine\operativ-navigator_260614_cleanup_20260626_201630\backend\test-output\map_basemap\basemap_normal.png","E0EA97952FF4FA92A163A064BC9B205BA3E5F16E2C6F400A0AB9A8D199D808E3","E0EA97952FF4FA92A163A064BC9B205BA3E5F16E2C6F400A0AB9A8D199D808E3","1375260","H_TEMP_OUTPUT","not served by server.js","no runtime ref","2026-06-26T20:21:20.8691753+02:00","Move-Item 'D:\cursor\Labor\_quarantine\operativ-navigator_260614_cleanup_20260626_201630\backend\test-output\map_basemap\basemap_normal.png' 'D:\cursor\operativ-navigator_260614\backend\test-output\map_basemap\basemap_normal.png' -Force"
"backend\test-output\map_basemap\basemap_satellite.png","D:\cursor\Labor\_quarantine\operativ-navigator_260614_cleanup_20260626_201630\backend\test-output\map_basemap\basemap_satellite.png","6A31D09687AE92C543B83D2DF397364FAF78A918E07FD3085D7EE4B5041C36C1","6A31D09687AE92C543B83D2DF397364FAF78A918E07FD3085D7EE4B5041C36C1","2412241","H_TEMP_OUTPUT","not served by server.js","no runtime ref","2026-06-26T20:21:20.8691753+02:00","Move-Item 'D:\cursor\Labor\_quarantine\operativ-navigator_260614_cleanup_20260626_201630\backend\test-output\map_basemap\basemap_satellite.png' 'D:\cursor\operativ-navigator_260614\backend\test-output\map_basemap\basemap_satellite.png' -Force"
"backend\test-output\operator_flow_20260620_185938\report.json","D:\cursor\Labor\_quarantine\operativ-navigator_260614_cleanup_20260626_201630\backend\test-output\operator_flow_20260620_185938\report.json","9066150889BF56B4B7685C4D29B80D03D31AFD3448FE4F6AFBB8EBDC4A1F1F4E","9066150889BF56B4B7685C4D29B80D03D31AFD3448FE4F6AFBB8EBDC4A1F1F4E","638","H_TEMP_OUTPUT","not served by server.js","no runtime ref","2026-06-26T20:21:20.8691753+02:00","Move-Item 'D:\cursor\Labor\_quarantine\operativ-navigator_260614_cleanup_20260626_201630\backend\test-output\operator_flow_20260620_185938\report.json' 'D:\cursor\operativ-navigator_260614\backend\test-output\operator_flow_20260620_185938\report.json' -Force"
"backend\test-output\operator_flow_patch_20260620_194418\01_muszakok_after_shift_start.png","D:\cursor\Labor\_quarantine\operativ-navigator_260614_cleanup_20260626_201630\backend\test-output\operator_flow_patch_20260620_194418\01_muszakok_after_shift_start.png","D39ABB514D031C97C0E07E5CA08DB27EB5FBB0D8F262C040EF26E427C747F3D9","D39ABB514D031C97C0E07E5CA08DB27EB5FBB0D8F262C040EF26E427C747F3D9","438965","H_TEMP_OUTPUT","not served by server.js","no runtime ref","2026-06-26T20:21:20.8691753+02:00","Move-Item 'D:\cursor\Labor\_quarantine\operativ-navigator_260614_cleanup_20260626_201630\backend\test-output\operator_flow_patch_20260620_194418\01_muszakok_after_shift_start.png' 'D:\cursor\operativ-navigator_260614\backend\test-output\operator_flow_patch_20260620_194418\01_muszakok_after_shift_start.png' -Force"
"backend\test-output\operator_flow_patch_20260620_194418\02_aktiv_after_trip_start.png","D:\cursor\Labor\_quarantine\operativ-navigator_260614_cleanup_20260626_201630\backend\test-output\operator_flow_patch_20260620_194418\02_aktiv_after_trip_start.png","EF505C5325ED1DD7C83D0C8E5E2E60E8381F5D1C656B0F3700185EEC7F3FE55D","EF505C5325ED1DD7C83D0C8E5E2E60E8381F5D1C656B0F3700185EEC7F3FE55D","418363","H_TEMP_OUTPUT","not served by server.js","no runtime ref","2026-06-26T20:21:20.8691753+02:00","Move-Item 'D:\cursor\Labor\_quarantine\operativ-navigator_260614_cleanup_20260626_201630\backend\test-output\operator_flow_patch_20260620_194418\02_aktiv_after_trip_start.png' 'D:\cursor\operativ-navigator_260614\backend\test-output\operator_flow_patch_20260620_194418\02_aktiv_after_trip_start.png' -Force"
"backend\test-output\operator_flow_patch_20260620_194418\03_aktiv_after_trip_close.png","D:\cursor\Labor\_quarantine\operativ-navigator_260614_cleanup_20260626_201630\backend\test-output\operator_flow_patch_20260620_194418\03_aktiv_after_trip_close.png","232C4148ED6334D79FEFD60BB0126C1ADE003E6562E1273B8C0631493FCB7D47","232C4148ED6334D79FEFD60BB0126C1ADE003E6562E1273B8C0631493FCB7D47","657536","H_TEMP_OUTPUT","not served by server.js","no runtime ref","2026-06-26T20:21:20.8691753+02:00","Move-Item 'D:\cursor\Labor\_quarantine\operativ-navigator_260614_cleanup_20260626_201630\backend\test-output\operator_flow_patch_20260620_194418\03_aktiv_after_trip_close.png' 'D:\cursor\operativ-navigator_260614\backend\test-output\operator_flow_patch_20260620_194418\03_aktiv_after_trip_close.png' -Force"
"backend\test-output\operator_flow_patch_20260620_194418\03_public_after_trip_close.png","D:\cursor\Labor\_quarantine\operativ-navigator_260614_cleanup_20260626_201630\backend\test-output\operator_flow_patch_20260620_194418\03_public_after_trip_close.png","EF66FC462CD372689E87188B013EE955CEE27A67333549CC2593770B7F0393A5","EF66FC462CD372689E87188B013EE955CEE27A67333549CC2593770B7F0393A5","372117","H_TEMP_OUTPUT","not served by server.js","no runtime ref","2026-06-26T20:21:20.8691753+02:00","Move-Item 'D:\cursor\Labor\_quarantine\operativ-navigator_260614_cleanup_20260626_201630\backend\test-output\operator_flow_patch_20260620_194418\03_public_after_trip_close.png' 'D:\cursor\operativ-navigator_260614\backend\test-output\operator_flow_patch_20260620_194418\03_public_after_trip_close.png' -Force"
"backend\test-output\operator_flow_patch_20260620_194418\04_muszakok_after_shift_close.png","D:\cursor\Labor\_quarantine\operativ-navigator_260614_cleanup_20260626_201630\backend\test-output\operator_flow_patch_20260620_194418\04_muszakok_after_shift_close.png","6B13F97C24A9900D91038A93A42421F85B882E4C9003BBA053B4C33D838A5B24","6B13F97C24A9900D91038A93A42421F85B882E4C9003BBA053B4C33D838A5B24","416005","H_TEMP_OUTPUT","not served by server.js","no runtime ref","2026-06-26T20:21:20.8691753+02:00","Move-Item 'D:\cursor\Labor\_quarantine\operativ-navigator_260614_cleanup_20260626_201630\backend\test-output\operator_flow_patch_20260620_194418\04_muszakok_after_shift_close.png' 'D:\cursor\operativ-navigator_260614\backend\test-output\operator_flow_patch_20260620_194418\04_muszakok_after_shift_close.png' -Force"
"backend\test-output\operator_flow_patch_20260620_194418\report.json","D:\cursor\Labor\_quarantine\operativ-navigator_260614_cleanup_20260626_201630\backend\test-output\operator_flow_patch_20260620_194418\report.json","8351A9BD39919B5819E3F87198E3A176C269255B7BA7E0234E54A940C4E0451E","8351A9BD39919B5819E3F87198E3A176C269255B7BA7E0234E54A940C4E0451E","12762","H_TEMP_OUTPUT","not served by server.js","no runtime ref","2026-06-26T20:21:20.8691753+02:00","Move-Item 'D:\cursor\Labor\_quarantine\operativ-navigator_260614_cleanup_20260626_201630\backend\test-output\operator_flow_patch_20260620_194418\report.json' 'D:\cursor\operativ-navigator_260614\backend\test-output\operator_flow_patch_20260620_194418\report.json' -Force"
"backend\test-output\operator_flow_run2\01_muszakok_after_shift_start.png","D:\cursor\Labor\_quarantine\operativ-navigator_260614_cleanup_20260626_201630\backend\test-output\operator_flow_run2\01_muszakok_after_shift_start.png","1C694F095E73B435F35F5A347DFC62B92F6B4BD787B5917CF5E4DD73D875073E","1C694F095E73B435F35F5A347DFC62B92F6B4BD787B5917CF5E4DD73D875073E","438019","H_TEMP_OUTPUT","not served by server.js","no runtime ref","2026-06-26T20:21:20.8691753+02:00","Move-Item 'D:\cursor\Labor\_quarantine\operativ-navigator_260614_cleanup_20260626_201630\backend\test-output\operator_flow_run2\01_muszakok_after_shift_start.png' 'D:\cursor\operativ-navigator_260614\backend\test-output\operator_flow_run2\01_muszakok_after_shift_start.png' -Force"
"backend\test-output\operator_flow_run2\02_aktiv_after_trip_start.png","D:\cursor\Labor\_quarantine\operativ-navigator_260614_cleanup_20260626_201630\backend\test-output\operator_flow_run2\02_aktiv_after_trip_start.png","7F1D2A4405C18A9E8AE527EFDA2B6D38097B63A61447D19C957E5BC4F88976D7","7F1D2A4405C18A9E8AE527EFDA2B6D38097B63A61447D19C957E5BC4F88976D7","418201","H_TEMP_OUTPUT","not served by server.js","no runtime ref","2026-06-26T20:21:20.8691753+02:00","Move-Item 'D:\cursor\Labor\_quarantine\operativ-navigator_260614_cleanup_20260626_201630\backend\test-output\operator_flow_run2\02_aktiv_after_trip_start.png' 'D:\cursor\operativ-navigator_260614\backend\test-output\operator_flow_run2\02_aktiv_after_trip_start.png' -Force"
"backend\test-output\operator_flow_run2\03_aktiv_after_trip_close.png","D:\cursor\Labor\_quarantine\operativ-navigator_260614_cleanup_20260626_201630\backend\test-output\operator_flow_run2\03_aktiv_after_trip_close.png","DC1723C6B24329FD9518243BEA4FC60B1740EC487D2EC7F621E6577DC779826B","DC1723C6B24329FD9518243BEA4FC60B1740EC487D2EC7F621E6577DC779826B","657463","H_TEMP_OUTPUT","not served by server.js","no runtime ref","2026-06-26T20:21:20.8691753+02:00","Move-Item 'D:\cursor\Labor\_quarantine\operativ-navigator_260614_cleanup_20260626_201630\backend\test-output\operator_flow_run2\03_aktiv_after_trip_close.png' 'D:\cursor\operativ-navigator_260614\backend\test-output\operator_flow_run2\03_aktiv_after_trip_close.png' -Force"
"backend\test-output\operator_flow_run2\03_public_after_trip_close.png","D:\cursor\Labor\_quarantine\operativ-navigator_260614_cleanup_20260626_201630\backend\test-output\operator_flow_run2\03_public_after_trip_close.png","252561C40986E0C95EADAA170CF1325959FD978A77E35EB7EB10DC93AB16EFD5","252561C40986E0C95EADAA170CF1325959FD978A77E35EB7EB10DC93AB16EFD5","371970","H_TEMP_OUTPUT","not served by server.js","no runtime ref","2026-06-26T20:21:20.8691753+02:00","Move-Item 'D:\cursor\Labor\_quarantine\operativ-navigator_260614_cleanup_20260626_201630\backend\test-output\operator_flow_run2\03_public_after_trip_close.png' 'D:\cursor\operativ-navigator_260614\backend\test-output\operator_flow_run2\03_public_after_trip_close.png' -Force"
"backend\test-output\operator_flow_run2\04_muszakok_after_shift_close.png","D:\cursor\Labor\_quarantine\operativ-navigator_260614_cleanup_20260626_201630\backend\test-output\operator_flow_run2\04_muszakok_after_shift_close.png","9921494E62D6BEF108475E681ED59102FBCF2472B257F40C1997A5029B425360","9921494E62D6BEF108475E681ED59102FBCF2472B257F40C1997A5029B425360","414469","H_TEMP_OUTPUT","not served by server.js","no runtime ref","2026-06-26T20:21:20.8691753+02:00","Move-Item 'D:\cursor\Labor\_quarantine\operativ-navigator_260614_cleanup_20260626_201630\backend\test-output\operator_flow_run2\04_muszakok_after_shift_close.png' 'D:\cursor\operativ-navigator_260614\backend\test-output\operator_flow_run2\04_muszakok_after_shift_close.png' -Force"
"backend\test-output\operator_flow_run2\report.json","D:\cursor\Labor\_quarantine\operativ-navigator_260614_cleanup_20260626_201630\backend\test-output\operator_flow_run2\report.json","99A02F01EA562846459D5B57DA9115D05F4D617CD6653019DB1B44F7FA0882FE","99A02F01EA562846459D5B57DA9115D05F4D617CD6653019DB1B44F7FA0882FE","9295","H_TEMP_OUTPUT","not served by server.js","no runtime ref","2026-06-26T20:21:20.8691753+02:00","Move-Item 'D:\cursor\Labor\_quarantine\operativ-navigator_260614_cleanup_20260626_201630\backend\test-output\operator_flow_run2\report.json' 'D:\cursor\operativ-navigator_260614\backend\test-output\operator_flow_run2\report.json' -Force"
"backend\test-output\real_user_repro\01_loaded.png","D:\cursor\Labor\_quarantine\operativ-navigator_260614_cleanup_20260626_201630\backend\test-output\real_user_repro\01_loaded.png","076385EE9E20B92441F704BFD0352DCD337A724ECB7572F0801F45FD437984FD","076385EE9E20B92441F704BFD0352DCD337A724ECB7572F0801F45FD437984FD","1311034","H_TEMP_OUTPUT","not served by server.js","no runtime ref","2026-06-26T20:21:20.8691753+02:00","Move-Item 'D:\cursor\Labor\_quarantine\operativ-navigator_260614_cleanup_20260626_201630\backend\test-output\real_user_repro\01_loaded.png' 'D:\cursor\operativ-navigator_260614\backend\test-output\real_user_repro\01_loaded.png' -Force"
"backend\test-output\real_user_repro\02_after_typing.png","D:\cursor\Labor\_quarantine\operativ-navigator_260614_cleanup_20260626_201630\backend\test-output\real_user_repro\02_after_typing.png","1D5ACE996E382206BFB0DFA557375283929129D89D904757D6438BFFA1E194E4","1D5ACE996E382206BFB0DFA557375283929129D89D904757D6438BFFA1E194E4","1316558","H_TEMP_OUTPUT","not served by server.js","no runtime ref","2026-06-26T20:21:20.8691753+02:00","Move-Item 'D:\cursor\Labor\_quarantine\operativ-navigator_260614_cleanup_20260626_201630\backend\test-output\real_user_repro\02_after_typing.png' 'D:\cursor\operativ-navigator_260614\backend\test-output\real_user_repro\02_after_typing.png' -Force"
"backend\test-output\real_user_repro\03_city_picked.png","D:\cursor\Labor\_quarantine\operativ-navigator_260614_cleanup_20260626_201630\backend\test-output\real_user_repro\03_city_picked.png","6E767FB9DEB61C7CA7436147FAE24FD5C472A0647BB8C9D830405E93BB2F8FC6","6E767FB9DEB61C7CA7436147FAE24FD5C472A0647BB8C9D830405E93BB2F8FC6","541748","H_TEMP_OUTPUT","not served by server.js","no runtime ref","2026-06-26T20:21:20.8691753+02:00","Move-Item 'D:\cursor\Labor\_quarantine\operativ-navigator_260614_cleanup_20260626_201630\backend\test-output\real_user_repro\03_city_picked.png' 'D:\cursor\operativ-navigator_260614\backend\test-output\real_user_repro\03_city_picked.png' -Force"
"backend\test-output\real_user_repro\04_mode_route.png","D:\cursor\Labor\_quarantine\operativ-navigator_260614_cleanup_20260626_201630\backend\test-output\real_user_repro\04_mode_route.png","871BC70F07F9C3423476790EC1376045D4172DCFE53F8AF7788764DB200EDBD3","871BC70F07F9C3423476790EC1376045D4172DCFE53F8AF7788764DB200EDBD3","537404","H_TEMP_OUTPUT","not served by server.js","no runtime ref","2026-06-26T20:21:20.8691753+02:00","Move-Item 'D:\cursor\Labor\_quarantine\operativ-navigator_260614_cleanup_20260626_201630\backend\test-output\real_user_repro\04_mode_route.png' 'D:\cursor\operativ-navigator_260614\backend\test-output\real_user_repro\04_mode_route.png' -Force"
"backend\test-output\real_user_repro\05_mode_single.png","D:\cursor\Labor\_quarantine\operativ-navigator_260614_cleanup_20260626_201630\backend\test-output\real_user_repro\05_mode_single.png","3CA4B61C12243DAFFFEF4B0765ECEFC8A6A8FEC5A601F7D780AF7876BCCF4FA0","3CA4B61C12243DAFFFEF4B0765ECEFC8A6A8FEC5A601F7D780AF7876BCCF4FA0","724162","H_TEMP_OUTPUT","not served by server.js","no runtime ref","2026-06-26T20:21:20.8691753+02:00","Move-Item 'D:\cursor\Labor\_quarantine\operativ-navigator_260614_cleanup_20260626_201630\backend\test-output\real_user_repro\05_mode_single.png' 'D:\cursor\operativ-navigator_260614\backend\test-output\real_user_repro\05_mode_single.png' -Force"
"backend\test-output\real_user_repro\06_click_a.png","D:\cursor\Labor\_quarantine\operativ-navigator_260614_cleanup_20260626_201630\backend\test-output\real_user_repro\06_click_a.png","7CB5487C2898CB2295F79A7AFEBE0E24FDB47B3E7AE38D920F8E0E425D6090A5","7CB5487C2898CB2295F79A7AFEBE0E24FDB47B3E7AE38D920F8E0E425D6090A5","763769","H_TEMP_OUTPUT","not served by server.js","no runtime ref","2026-06-26T20:21:20.8691753+02:00","Move-Item 'D:\cursor\Labor\_quarantine\operativ-navigator_260614_cleanup_20260626_201630\backend\test-output\real_user_repro\06_click_a.png' 'D:\cursor\operativ-navigator_260614\backend\test-output\real_user_repro\06_click_a.png' -Force"
"backend\test-output\real_user_repro\06_click_b.png","D:\cursor\Labor\_quarantine\operativ-navigator_260614_cleanup_20260626_201630\backend\test-output\real_user_repro\06_click_b.png","E02EB637C4D7720FC4414132EEDCDBFA3352F7D156CB7603B2AEA1F9D582E180","E02EB637C4D7720FC4414132EEDCDBFA3352F7D156CB7603B2AEA1F9D582E180","798551","H_TEMP_OUTPUT","not served by server.js","no runtime ref","2026-06-26T20:21:20.8691753+02:00","Move-Item 'D:\cursor\Labor\_quarantine\operativ-navigator_260614_cleanup_20260626_201630\backend\test-output\real_user_repro\06_click_b.png' 'D:\cursor\operativ-navigator_260614\backend\test-output\real_user_repro\06_click_b.png' -Force"
"backend\test-output\real_user_repro\06_click_c.png","D:\cursor\Labor\_quarantine\operativ-navigator_260614_cleanup_20260626_201630\backend\test-output\real_user_repro\06_click_c.png","0685F8C3ECE6610F7F54928963A1B8CE934FF194777622990C30548D22E9E096","0685F8C3ECE6610F7F54928963A1B8CE934FF194777622990C30548D22E9E096","769388","H_TEMP_OUTPUT","not served by server.js","no runtime ref","2026-06-26T20:21:20.8691753+02:00","Move-Item 'D:\cursor\Labor\_quarantine\operativ-navigator_260614_cleanup_20260626_201630\backend\test-output\real_user_repro\06_click_c.png' 'D:\cursor\operativ-navigator_260614\backend\test-output\real_user_repro\06_click_c.png' -Force"
"backend\test-output\real_user_repro\06_click_d.png","D:\cursor\Labor\_quarantine\operativ-navigator_260614_cleanup_20260626_201630\backend\test-output\real_user_repro\06_click_d.png","D9F249D77F1387A7DDA03172A95E67B072A6CD8F2580861447B5BB7E52B75F1B","D9F249D77F1387A7DDA03172A95E67B072A6CD8F2580861447B5BB7E52B75F1B","768508","H_TEMP_OUTPUT","not served by server.js","no runtime ref","2026-06-26T20:21:20.8691753+02:00","Move-Item 'D:\cursor\Labor\_quarantine\operativ-navigator_260614_cleanup_20260626_201630\backend\test-output\real_user_repro\06_click_d.png' 'D:\cursor\operativ-navigator_260614\backend\test-output\real_user_repro\06_click_d.png' -Force"
"backend\test-output\real_user_repro\06_click_e.png","D:\cursor\Labor\_quarantine\operativ-navigator_260614_cleanup_20260626_201630\backend\test-output\real_user_repro\06_click_e.png","AEA6FB12F4C7BAAFAB3320826798F84A08A10698D34E7984978BB722875D3676","AEA6FB12F4C7BAAFAB3320826798F84A08A10698D34E7984978BB722875D3676","756247","H_TEMP_OUTPUT","not served by server.js","no runtime ref","2026-06-26T20:21:20.8691753+02:00","Move-Item 'D:\cursor\Labor\_quarantine\operativ-navigator_260614_cleanup_20260626_201630\backend\test-output\real_user_repro\06_click_e.png' 'D:\cursor\operativ-navigator_260614\backend\test-output\real_user_repro\06_click_e.png' -Force"
"backend\test-output\real_user_repro\real_user_repro.json","D:\cursor\Labor\_quarantine\operativ-navigator_260614_cleanup_20260626_201630\backend\test-output\real_user_repro\real_user_repro.json","AB02BB9D7B6C15D174D20448C0145D8504ADA835E64CF4A07D538855C85A1753","AB02BB9D7B6C15D174D20448C0145D8504ADA835E64CF4A07D538855C85A1753","44839","H_TEMP_OUTPUT","not served by server.js","no runtime ref","2026-06-26T20:21:20.8691753+02:00","Move-Item 'D:\cursor\Labor\_quarantine\operativ-navigator_260614_cleanup_20260626_201630\backend\test-output\real_user_repro\real_user_repro.json' 'D:\cursor\operativ-navigator_260614\backend\test-output\real_user_repro\real_user_repro.json' -Force"
"backend\test-output\real_user_repro\real_user_repro_runB.json","D:\cursor\Labor\_quarantine\operativ-navigator_260614_cleanup_20260626_201630\backend\test-output\real_user_repro\real_user_repro_runB.json","3D4F15971EE76151D5B06EE7E37C7AB23E0E40FDC401B49910A52FE389677BE7","3D4F15971EE76151D5B06EE7E37C7AB23E0E40FDC401B49910A52FE389677BE7","7587","H_TEMP_OUTPUT","not served by server.js","no runtime ref","2026-06-26T20:21:20.8691753+02:00","Move-Item 'D:\cursor\Labor\_quarantine\operativ-navigator_260614_cleanup_20260626_201630\backend\test-output\real_user_repro\real_user_repro_runB.json' 'D:\cursor\operativ-navigator_260614\backend\test-output\real_user_repro\real_user_repro_runB.json' -Force"
"backend\test-output\right_panel_compact\after_1366x768.png","D:\cursor\Labor\_quarantine\operativ-navigator_260614_cleanup_20260626_201630\backend\test-output\right_panel_compact\after_1366x768.png","7FCEA03C56C438BAF56FE161BB87D6C89519254D5BDEE04A133AA4C2A7AF83FE","7FCEA03C56C438BAF56FE161BB87D6C89519254D5BDEE04A133AA4C2A7AF83FE","1023345","H_TEMP_OUTPUT","not served by server.js","no runtime ref","2026-06-26T20:21:20.8691753+02:00","Move-Item 'D:\cursor\Labor\_quarantine\operativ-navigator_260614_cleanup_20260626_201630\backend\test-output\right_panel_compact\after_1366x768.png' 'D:\cursor\operativ-navigator_260614\backend\test-output\right_panel_compact\after_1366x768.png' -Force"
"backend\test-output\right_panel_compact\after_1920x1080.png","D:\cursor\Labor\_quarantine\operativ-navigator_260614_cleanup_20260626_201630\backend\test-output\right_panel_compact\after_1920x1080.png","F51D7651D6B2ACCC146BCE720300D5B10024C241E460550C97C5F78F3F681DFD","F51D7651D6B2ACCC146BCE720300D5B10024C241E460550C97C5F78F3F681DFD","2539778","H_TEMP_OUTPUT","not served by server.js","no runtime ref","2026-06-26T20:21:20.8691753+02:00","Move-Item 'D:\cursor\Labor\_quarantine\operativ-navigator_260614_cleanup_20260626_201630\backend\test-output\right_panel_compact\after_1920x1080.png' 'D:\cursor\operativ-navigator_260614\backend\test-output\right_panel_compact\after_1920x1080.png' -Force"
"backend\test-output\visual_flow_compare\lab_01_loaded.png","D:\cursor\Labor\_quarantine\operativ-navigator_260614_cleanup_20260626_201630\backend\test-output\visual_flow_compare\lab_01_loaded.png","6BD2BB49BD5AD540B85D77287900EC2500A3AF5D98758C3F2FBEDE658987143A","6BD2BB49BD5AD540B85D77287900EC2500A3AF5D98758C3F2FBEDE658987143A","1312466","H_TEMP_OUTPUT","not served by server.js","no runtime ref","2026-06-26T20:21:20.8691753+02:00","Move-Item 'D:\cursor\Labor\_quarantine\operativ-navigator_260614_cleanup_20260626_201630\backend\test-output\visual_flow_compare\lab_01_loaded.png' 'D:\cursor\operativ-navigator_260614\backend\test-output\visual_flow_compare\lab_01_loaded.png' -Force"
"backend\test-output\visual_flow_compare\lab_02_city_typed.png","D:\cursor\Labor\_quarantine\operativ-navigator_260614_cleanup_20260626_201630\backend\test-output\visual_flow_compare\lab_02_city_typed.png","844C1BF5183B74D05BCC0AD9796528FCF810ACE04E4E9C7E1CA303BF8EBCDD35","844C1BF5183B74D05BCC0AD9796528FCF810ACE04E4E9C7E1CA303BF8EBCDD35","1314098","H_TEMP_OUTPUT","not served by server.js","no runtime ref","2026-06-26T20:21:20.8691753+02:00","Move-Item 'D:\cursor\Labor\_quarantine\operativ-navigator_260614_cleanup_20260626_201630\backend\test-output\visual_flow_compare\lab_02_city_typed.png' 'D:\cursor\operativ-navigator_260614\backend\test-output\visual_flow_compare\lab_02_city_typed.png' -Force"
"backend\test-output\visual_flow_compare\lab_03_city_picked.png","D:\cursor\Labor\_quarantine\operativ-navigator_260614_cleanup_20260626_201630\backend\test-output\visual_flow_compare\lab_03_city_picked.png","A396E9BA23E31174E98D2970611803DEB35AB1C6B9F766187C3B616B67FAF1A0","A396E9BA23E31174E98D2970611803DEB35AB1C6B9F766187C3B616B67FAF1A0","615976","H_TEMP_OUTPUT","not served by server.js","no runtime ref","2026-06-26T20:21:20.8691753+02:00","Move-Item 'D:\cursor\Labor\_quarantine\operativ-navigator_260614_cleanup_20260626_201630\backend\test-output\visual_flow_compare\lab_03_city_picked.png' 'D:\cursor\operativ-navigator_260614\backend\test-output\visual_flow_compare\lab_03_city_picked.png' -Force"
"backend\test-output\visual_flow_compare\lab_04_mode_single.png","D:\cursor\Labor\_quarantine\operativ-navigator_260614_cleanup_20260626_201630\backend\test-output\visual_flow_compare\lab_04_mode_single.png","0E30E27176C6265E1EABF6FAC4947C2C50770E20217ECC51785563D021D736FB","0E30E27176C6265E1EABF6FAC4947C2C50770E20217ECC51785563D021D736FB","794812","H_TEMP_OUTPUT","not served by server.js","no runtime ref","2026-06-26T20:21:20.8691753+02:00","Move-Item 'D:\cursor\Labor\_quarantine\operativ-navigator_260614_cleanup_20260626_201630\backend\test-output\visual_flow_compare\lab_04_mode_single.png' 'D:\cursor\operativ-navigator_260614\backend\test-output\visual_flow_compare\lab_04_mode_single.png' -Force"
"backend\test-output\visual_flow_compare\lab_05_map_click.png","D:\cursor\Labor\_quarantine\operativ-navigator_260614_cleanup_20260626_201630\backend\test-output\visual_flow_compare\lab_05_map_click.png","19C379CB93931F6B7AD0B638D56B9DCAD16FB4474C00E154235E7942D3FA2AE6","19C379CB93931F6B7AD0B638D56B9DCAD16FB4474C00E154235E7942D3FA2AE6","799701","H_TEMP_OUTPUT","not served by server.js","no runtime ref","2026-06-26T20:21:20.8691753+02:00","Move-Item 'D:\cursor\Labor\_quarantine\operativ-navigator_260614_cleanup_20260626_201630\backend\test-output\visual_flow_compare\lab_05_map_click.png' 'D:\cursor\operativ-navigator_260614\backend\test-output\visual_flow_compare\lab_05_map_click.png' -Force"
"backend\test-output\visual_flow_compare\prod_01_loaded.png","D:\cursor\Labor\_quarantine\operativ-navigator_260614_cleanup_20260626_201630\backend\test-output\visual_flow_compare\prod_01_loaded.png","3822E6864A8ADFABB415DDF4109663D14B93F2C4393FA50C4108CEAD15B83F75","3822E6864A8ADFABB415DDF4109663D14B93F2C4393FA50C4108CEAD15B83F75","1310750","H_TEMP_OUTPUT","not served by server.js","no runtime ref","2026-06-26T20:21:20.8691753+02:00","Move-Item 'D:\cursor\Labor\_quarantine\operativ-navigator_260614_cleanup_20260626_201630\backend\test-output\visual_flow_compare\prod_01_loaded.png' 'D:\cursor\operativ-navigator_260614\backend\test-output\visual_flow_compare\prod_01_loaded.png' -Force"
"backend\test-output\visual_flow_compare\prod_02_city_typed.png","D:\cursor\Labor\_quarantine\operativ-navigator_260614_cleanup_20260626_201630\backend\test-output\visual_flow_compare\prod_02_city_typed.png","06AE75FF3B5965710B26C8833253FE3A180B0870192AF4B677D66F55059F8F33","06AE75FF3B5965710B26C8833253FE3A180B0870192AF4B677D66F55059F8F33","1312410","H_TEMP_OUTPUT","not served by server.js","no runtime ref","2026-06-26T20:21:20.8691753+02:00","Move-Item 'D:\cursor\Labor\_quarantine\operativ-navigator_260614_cleanup_20260626_201630\backend\test-output\visual_flow_compare\prod_02_city_typed.png' 'D:\cursor\operativ-navigator_260614\backend\test-output\visual_flow_compare\prod_02_city_typed.png' -Force"
"backend\test-output\visual_flow_compare\prod_03_city_picked.png","D:\cursor\Labor\_quarantine\operativ-navigator_260614_cleanup_20260626_201630\backend\test-output\visual_flow_compare\prod_03_city_picked.png","A396E9BA23E31174E98D2970611803DEB35AB1C6B9F766187C3B616B67FAF1A0","A396E9BA23E31174E98D2970611803DEB35AB1C6B9F766187C3B616B67FAF1A0","615976","H_TEMP_OUTPUT","not served by server.js","no runtime ref","2026-06-26T20:21:20.8691753+02:00","Move-Item 'D:\cursor\Labor\_quarantine\operativ-navigator_260614_cleanup_20260626_201630\backend\test-output\visual_flow_compare\prod_03_city_picked.png' 'D:\cursor\operativ-navigator_260614\backend\test-output\visual_flow_compare\prod_03_city_picked.png' -Force"
"backend\test-output\visual_flow_compare\prod_04_mode_single.png","D:\cursor\Labor\_quarantine\operativ-navigator_260614_cleanup_20260626_201630\backend\test-output\visual_flow_compare\prod_04_mode_single.png","0E30E27176C6265E1EABF6FAC4947C2C50770E20217ECC51785563D021D736FB","0E30E27176C6265E1EABF6FAC4947C2C50770E20217ECC51785563D021D736FB","794812","H_TEMP_OUTPUT","not served by server.js","no runtime ref","2026-06-26T20:21:20.8691753+02:00","Move-Item 'D:\cursor\Labor\_quarantine\operativ-navigator_260614_cleanup_20260626_201630\backend\test-output\visual_flow_compare\prod_04_mode_single.png' 'D:\cursor\operativ-navigator_260614\backend\test-output\visual_flow_compare\prod_04_mode_single.png' -Force"
"backend\test-output\visual_flow_compare\prod_05_map_click.png","D:\cursor\Labor\_quarantine\operativ-navigator_260614_cleanup_20260626_201630\backend\test-output\visual_flow_compare\prod_05_map_click.png","19C379CB93931F6B7AD0B638D56B9DCAD16FB4474C00E154235E7942D3FA2AE6","19C379CB93931F6B7AD0B638D56B9DCAD16FB4474C00E154235E7942D3FA2AE6","799701","H_TEMP_OUTPUT","not served by server.js","no runtime ref","2026-06-26T20:21:20.8691753+02:00","Move-Item 'D:\cursor\Labor\_quarantine\operativ-navigator_260614_cleanup_20260626_201630\backend\test-output\visual_flow_compare\prod_05_map_click.png' 'D:\cursor\operativ-navigator_260614\backend\test-output\visual_flow_compare\prod_05_map_click.png' -Force"
"backend\test-output\visual_flow_compare\visual_flow_compare.json","D:\cursor\Labor\_quarantine\operativ-navigator_260614_cleanup_20260626_201630\backend\test-output\visual_flow_compare\visual_flow_compare.json","0BB4AF6D444BDC1115DF61DD2944DE8E2A2BC5F899C39DC4A2D019A1B5B4382D","0BB4AF6D444BDC1115DF61DD2944DE8E2A2BC5F899C39DC4A2D019A1B5B4382D","15531","H_TEMP_OUTPUT","not served by server.js","no runtime ref","2026-06-26T20:21:20.8691753+02:00","Move-Item 'D:\cursor\Labor\_quarantine\operativ-navigator_260614_cleanup_20260626_201630\backend\test-output\visual_flow_compare\visual_flow_compare.json' 'D:\cursor\operativ-navigator_260614\backend\test-output\visual_flow_compare\visual_flow_compare.json' -Force"
"adapter_smoke_test.mjs","D:\cursor\Labor\_quarantine\operativ-navigator_260614_cleanup_20260626_201630\adapter_smoke_test.mjs","0F72A631F8ED20072941D8595D2952205CA54DE762CC5E7B02355A1469F6683C","0F72A631F8ED20072941D8595D2952205CA54DE762CC5E7B02355A1469F6683C","5621","E_TEST_AUDIT","root test runner not in package.json scripts","no runtime ref","2026-06-26T20:21:20.8691753+02:00","Move-Item 'D:\cursor\Labor\_quarantine\operativ-navigator_260614_cleanup_20260626_201630\adapter_smoke_test.mjs' 'D:\cursor\operativ-navigator_260614\adapter_smoke_test.mjs' -Force"
"bug_rc001_test.mjs","D:\cursor\Labor\_quarantine\operativ-navigator_260614_cleanup_20260626_201630\bug_rc001_test.mjs","24610F4103A7E25B60E4438DA427784507C9BDCE62E3E56720402A81B297D116","24610F4103A7E25B60E4438DA427784507C9BDCE62E3E56720402A81B297D116","4192","E_TEST_AUDIT","root test runner not in package.json scripts","no runtime ref","2026-06-26T20:21:20.8691753+02:00","Move-Item 'D:\cursor\Labor\_quarantine\operativ-navigator_260614_cleanup_20260626_201630\bug_rc001_test.mjs' 'D:\cursor\operativ-navigator_260614\bug_rc001_test.mjs' -Force"
"city_selection_debug_run.mjs","D:\cursor\Labor\_quarantine\operativ-navigator_260614_cleanup_20260626_201630\city_selection_debug_run.mjs","C8A42EF695E109C96BA2EC530E9EBFF8EE61F771F2A475F1166E2D6406C4EF19","C8A42EF695E109C96BA2EC530E9EBFF8EE61F771F2A475F1166E2D6406C4EF19","3436","E_TEST_AUDIT","root test runner not in package.json scripts","no runtime ref","2026-06-26T20:21:20.8691753+02:00","Move-Item 'D:\cursor\Labor\_quarantine\operativ-navigator_260614_cleanup_20260626_201630\city_selection_debug_run.mjs' 'D:\cursor\operativ-navigator_260614\city_selection_debug_run.mjs' -Force"
"lkg_smoke_run.mjs","D:\cursor\Labor\_quarantine\operativ-navigator_260614_cleanup_20260626_201630\lkg_smoke_run.mjs","8417C3574BD9C62E9D7DF4598B2C84C4D66D16AD6FCE080A12ADE24A04CFC728","8417C3574BD9C62E9D7DF4598B2C84C4D66D16AD6FCE080A12ADE24A04CFC728","6789","E_TEST_AUDIT","root test runner not in package.json scripts","no runtime ref","2026-06-26T20:21:20.8691753+02:00","Move-Item 'D:\cursor\Labor\_quarantine\operativ-navigator_260614_cleanup_20260626_201630\lkg_smoke_run.mjs' 'D:\cursor\operativ-navigator_260614\lkg_smoke_run.mjs' -Force"
"merge_test_run.mjs","D:\cursor\Labor\_quarantine\operativ-navigator_260614_cleanup_20260626_201630\merge_test_run.mjs","3823A8271989A36778ED483D720ADE34EB6A5F4B9F6CDF58C8E8E6E2DD21A419","3823A8271989A36778ED483D720ADE34EB6A5F4B9F6CDF58C8E8E6E2DD21A419","9068","E_TEST_AUDIT","root test runner not in package.json scripts","no runtime ref","2026-06-26T20:21:20.8691753+02:00","Move-Item 'D:\cursor\Labor\_quarantine\operativ-navigator_260614_cleanup_20260626_201630\merge_test_run.mjs' 'D:\cursor\operativ-navigator_260614\merge_test_run.mjs' -Force"
"patch_test_run.mjs","D:\cursor\Labor\_quarantine\operativ-navigator_260614_cleanup_20260626_201630\patch_test_run.mjs","5D1305F692E080E2AD44C1CBAF951392B7EE027EA13D1D3E2AD64C2A0434A063","5D1305F692E080E2AD44C1CBAF951392B7EE027EA13D1D3E2AD64C2A0434A063","3282","E_TEST_AUDIT","root test runner not in package.json scripts","no runtime ref","2026-06-26T20:21:20.8691753+02:00","Move-Item 'D:\cursor\Labor\_quarantine\operativ-navigator_260614_cleanup_20260626_201630\patch_test_run.mjs' 'D:\cursor\operativ-navigator_260614\patch_test_run.mjs' -Force"
"v30_regression_test.mjs","D:\cursor\Labor\_quarantine\operativ-navigator_260614_cleanup_20260626_201630\v30_regression_test.mjs","CF6FEFE37B6DDA319185C3C7DDAF139F9FD8DC4A1AB81EF4A2FD49B2BC000E05","CF6FEFE37B6DDA319185C3C7DDAF139F9FD8DC4A1AB81EF4A2FD49B2BC000E05","14036","E_TEST_AUDIT","root test runner not in package.json scripts","no runtime ref","2026-06-26T20:21:20.8691753+02:00","Move-Item 'D:\cursor\Labor\_quarantine\operativ-navigator_260614_cleanup_20260626_201630\v30_regression_test.mjs' 'D:\cursor\operativ-navigator_260614\v30_regression_test.mjs' -Force"
"tmp_rent_inquiries.json","D:\cursor\Labor\_quarantine\operativ-navigator_260614_cleanup_20260626_201630\tmp_rent_inquiries.json","92382B5CD4E43B3DE6C2134B758251B518F8FE8194EC07A9F1F4DE642897FEB9","92382B5CD4E43B3DE6C2134B758251B518F8FE8194EC07A9F1F4DE642897FEB9","897","H_TEMP_OUTPUT","temp export","no runtime ref","2026-06-26T20:21:20.8691753+02:00","Move-Item 'D:\cursor\Labor\_quarantine\operativ-navigator_260614_cleanup_20260626_201630\tmp_rent_inquiries.json' 'D:\cursor\operativ-navigator_260614\tmp_rent_inquiries.json' -Force"
"frontend\rent\public.pre-lab-backup.html","D:\cursor\Labor\_quarantine\operativ-navigator_260614_cleanup_20260626_201630\frontend\rent\public.pre-lab-backup.html","0FB77A856217D3439E1AF3F7A0375B077521A9AC0C4A463F79E6E17E86BF0D8C","0FB77A856217D3439E1AF3F7A0375B077521A9AC0C4A463F79E6E17E86BF0D8C","98562","G_BACKUP_DUPLICATE","not active /rent/public; backup copy","no runtime ref","2026-06-26T20:21:20.8691753+02:00","Move-Item 'D:\cursor\Labor\_quarantine\operativ-navigator_260614_cleanup_20260626_201630\frontend\rent\public.pre-lab-backup.html' 'D:\cursor\operativ-navigator_260614\frontend\rent\public.pre-lab-backup.html' -Force"
"frontend\rent\public.lab-proxy-validation.html","D:\cursor\Labor\_quarantine\operativ-navigator_260614_cleanup_20260626_201630\frontend\rent\public.lab-proxy-validation.html","55F035DB8AAB0B620574804CD6123888FE8A1ABC44D16D70E07652BF3599ED52","55F035DB8AAB0B620574804CD6123888FE8A1ABC44D16D70E07652BF3599ED52","101111","G_BACKUP_DUPLICATE","not active /rent/public; backup copy","no runtime ref","2026-06-26T20:21:20.8691753+02:00","Move-Item 'D:\cursor\Labor\_quarantine\operativ-navigator_260614_cleanup_20260626_201630\frontend\rent\public.lab-proxy-validation.html' 'D:\cursor\operativ-navigator_260614\frontend\rent\public.lab-proxy-validation.html' -Force"
"frontend\rent\public_lab_restore_test.html","D:\cursor\Labor\_quarantine\operativ-navigator_260614_cleanup_20260626_201630\frontend\rent\public_lab_restore_test.html","0FB77A856217D3439E1AF3F7A0375B077521A9AC0C4A463F79E6E17E86BF0D8C","0FB77A856217D3439E1AF3F7A0375B077521A9AC0C4A463F79E6E17E86BF0D8C","98562","G_BACKUP_DUPLICATE","not active /rent/public; backup copy","no runtime ref","2026-06-26T20:21:20.8691753+02:00","Move-Item 'D:\cursor\Labor\_quarantine\operativ-navigator_260614_cleanup_20260626_201630\frontend\rent\public_lab_restore_test.html' 'D:\cursor\operativ-navigator_260614\frontend\rent\public_lab_restore_test.html' -Force"
"backup\fronted_rent_260625.zip","D:\cursor\Labor\_quarantine\operativ-navigator_260614_cleanup_20260626_201630\backup\fronted_rent_260625.zip","84D8468EE37579195B168D94C286E23D8B7691B3DBA543F37D8A9B4B485B0CF4","84D8468EE37579195B168D94C286E23D8B7691B3DBA543F37D8A9B4B485B0CF4","3673592","G_BACKUP_DUPLICATE","archive zip not runtime","no runtime ref","2026-06-26T20:21:20.8691753+02:00","Move-Item 'D:\cursor\Labor\_quarantine\operativ-navigator_260614_cleanup_20260626_201630\backup\fronted_rent_260625.zip' 'D:\cursor\operativ-navigator_260614\backup\fronted_rent_260625.zip' -Force"
